work_id,category,state,ida,mp_name,constituency,work_desc,recommended_date,sanction_date,sanctioned_amount,status,sanction_delay_days,ml_predicted_cost,deviation_pct,mod_z_score,agency_median_deviation
133166.0,Normal/Others,KARNATAKA,DHARWAD(DEPUTY COMMISSIONER DHARWAR_IDA),Pralhad Venkatesh Joshi,DHARWAD,Construction of Community Bhavan at Navalgund TQ Belavatagi Village Pry No 1/A Near Shivanand Math Continue Work,2024-07-08,2024-07-09,497185.0,Physical Inspection,1.0,532629.6306633047,-0.06654648675696864,-0.4427711881781892,-0.16239239355860094
133167.0,Trust and Society,KARNATAKA,DHARWAD(DEPUTY COMMISSIONER DHARWAR_IDA),Pralhad Venkatesh Joshi,DHARWAD,Construction of College room of  CBS Charitable Foudation at Nulvi Vilage Pry No 817/3 Continued work,2024-07-08,2025-09-18,500000.0,Sanction,437.0,646808.456898523,-0.22697361998400034,-0.4427711881781892,-0.16239239355860094
133190.0,Trust and Society,KARNATAKA,DHARWAD(DEPUTY COMMISSIONER DHARWAR_IDA),Pralhad Venkatesh Joshi,DHARWAD,Construction of Community Bhavan of Veerashaiv Jangam Society (R) at Ward No 21 Chidamarnagar Dharwad,2024-07-08,2024-09-23,450000.0,Sanction,77.0,880907.4875929272,-0.48916315692851986,-0.4427711881781892,-0.16239239355860094
133191.0,Normal/Others,KARNATAKA,HAVERI(DEPUTY COMMISSIONER HAVERI_IDA),Pralhad Venkatesh Joshi,DHARWAD,Construction of Maremma Cultural bhavan at Neerlgudda village Shiggava TQ,2024-07-08,2025-05-29,1500000.0,Work partially Completed,325.0,377206.8928446959,2.9765975342809603,0.0,0.457272294757382
133301.0,Normal/Others,KARNATAKA,DHARWAD(DEPUTY COMMISSIONER DHARWAR_IDA),Pralhad Venkatesh Joshi,DHARWAD,"Construction of Cultural Bhavan at Kundagol TQ, Chickgungal Village ST Colony, Pry No.202",2024-07-09,2024-08-22,398009.0,Physical Inspection,44.0,348435.0413242416,0.14227604229284901,-0.4427711881781892,-0.16239239355860094
133303.0,Normal/Others,KARNATAKA,DHARWAD(DEPUTY COMMISSIONER DHARWAR_IDA),Pralhad Venkatesh Joshi,DHARWAD,Construction of Community Hall at Uppinbetageri Village Near Mallikarjun Temple Pry No1151,2024-07-09,2024-07-25,399104.0,Physical Inspection,16.0,499928.791855395,-0.2016783059867428,-0.4427711881781892,-0.16239239355860094
133304.0,Normal/Others,KARNATAKA,DHARWAD(DEPUTY COMMISSIONER DHARWAR_IDA),Pralhad Venkatesh Joshi,DHARWAD,Construction of Community Hall at Shibargatti Village Near Hanamanth Temple Pry No 96,2024-07-09,2024-08-22,396154.0,Physical Inspection,44.0,335714.1354183454,0.180033719778699,-0.4427711881781892,-0.16239239355860094
133305.0,Normal/Others,KARNATAKA,DHARWAD(DEPUTY COMMISSIONER DHARWAR_IDA),Pralhad Venkatesh Joshi,DHARWAD,Construction of Community Hall at Hosategur Village Near Shri Girimalleshwar Math Pry No 518 Continue work,2024-07-09,2025-06-03,400000.0,Sanction,329.0,487480.50853410416,-0.17945437202641307,-0.4427711881781892,-0.16239239355860094
133306.0,Normal/Others,KARNATAKA,DHARWAD(DEPUTY COMMISSIONER DHARWAR_IDA),Pralhad Venkatesh Joshi,DHARWAD,Construction of Community Hall at Kardigudda Village Near Mallikarjun Temple Pry No 451/2,2024-07-09,2025-03-14,495627.0,Physical Inspection,248.0,320280.3665374363,0.5474785587335341,-0.4427711881781892,-0.16239239355860094
133307.0,Normal/Others,KARNATAKA,DHARWAD(DEPUTY COMMISSIONER DHARWAR_IDA),Pralhad Venkatesh Joshi,DHARWAD,Construction of Community Hall at Tadakod Village Near Vittal Temple Pry No 319,2024-07-09,2024-08-17,398955.0,Physical Inspection,39.0,554539.0558688706,-0.2805646495450103,-0.4427711881781892,-0.16239239355860094
133308.0,Normal/Others,KARNATAKA,DHARWAD(DEPUTY COMMISSIONER DHARWAR_IDA),Pralhad Venkatesh Joshi,DHARWAD,Construction of Community Hall at Mulmuttal Village Near Beereshwar Temple Pry No 67,2024-07-09,2024-08-17,399304.0,Physical Inspection,39.0,476719.64405439794,-0.16239239355860094,-0.4427711881781892,-0.16239239355860094
133309.0,Normal/Others,KARNATAKA,DHARWAD(DEPUTY COMMISSIONER DHARWAR_IDA),Pralhad Venkatesh Joshi,DHARWAD,Construction of Community Hall at Nigadi Village Near Kalmeshwar Temple Pry No 101 Continued work,2024-07-09,2025-03-14,495031.0,Physical Inspection,248.0,543663.4076853787,-0.08945315612177922,-0.4427711881781892,-0.16239239355860094
133310.0,Normal/Others,KARNATAKA,DHARWAD(DEPUTY COMMISSIONER DHARWAR_IDA),Pralhad Venkatesh Joshi,DHARWAD,Construction of Cultural Bhavan at Parsapur Village Near Hanuman Temple Pry No 107,2024-07-09,2024-08-22,247583.0,Physical Inspection,44.0,316036.00228210184,-0.216598747572433,-0.4427711881781892,-0.16239239355860094
133311.0,Normal/Others,KARNATAKA,DHARWAD(DEPUTY COMMISSIONER DHARWAR_IDA),Pralhad Venkatesh Joshi,DHARWAD,Construction of Cultural Bhavan at Chabbi Village Near Vithobha Temple Pry No 266/A,2024-07-09,2024-08-22,250000.0,Sanction,44.0,499584.1822687258,-0.4995838361721283,-0.4427711881781892,-0.16239239355860094
133312.0,Normal/Others,KARNATAKA,DHARWAD(DEPUTY COMMISSIONER DHARWAR_IDA),Pralhad Venkatesh Joshi,DHARWAD,Construction of Community Hall at Ayahatti Village Near Beereshwar Temple Pry No 34,2024-07-09,2024-07-25,498091.0,Physical Inspection,16.0,462339.05548274226,0.07732841102927818,-0.4427711881781892,-0.16239239355860094
136723.0,Normal/Others,KARNATAKA,BENGALURU URBAN(DEPUTY COMMISSIONER BANGALORE URBAN_IDA),Shri LS Tejasvi Surya,BANGALORE SOUTH,"Providing CCTV Camera Systems for security purposes at Gururaja Layout, located in Padmanabhanagar Assembly Constituency, Bengaluru South",2024-08-22,2025-04-15,500000.0,Physical Inspection,236.0,962830.7394563996,-0.4806979259072131,0.08278774295599381,0.15677970483681702
136725.0,Normal/Others,KARNATAKA,CHIKKAMAGALURU(DEPUTY COMMISSIONER CHIKMAGALUR),Shri LS Tejasvi Surya,BANGALORE SOUTH,"Construction of classroom at the Government Higher Primary School in Lakya Village, Chikkamagaluru District, Karnataka.",2024-08-22,2026-02-09,496984.0,Physical Inspection,536.0,464493.4624295799,0.06994832047899038,0.0,0.31759215290164816
140212.0,Normal/Others,KARNATAKA,Bengaluru South(DEPUTY COMMISSIONER RAMANAGARA_IDA),DR C N MANJUNATH,BANGALORE RURAL,Construction of New Building for Hujenahalli Milk Producers Co-operative Society Ltd.,2024-09-10,2025-08-08,300000.0,Work Completed,332.0,927851.8816470245,-0.6766725315386851,0.5198637499210003,0.42221609652796
140369.0,Normal/Others,KARNATAKA,Bengaluru South(DEPUTY COMMISSIONER RAMANAGARA_IDA),DR C N MANJUNATH,BANGALORE RURAL,"Construction of community centre at Bheemasandradoddi Village, Yalachawadi Grama Panchayath, Harohalli Taluk.",2024-09-11,2025-05-15,400000.0,Work partially Completed,246.0,451325.07687140035,-0.11372086219358206,0.5198637499210003,0.42221609652796
140804.0,Normal/Others,KARNATAKA,Bengaluru South(DEPUTY COMMISSIONER RAMANAGARA_IDA),DR C N MANJUNATH,BANGALORE RURAL,"Construction of New Building, Vividhodesha Prarthamika Grameena Krushi Sahakara Sangha at Thagachakere Village, Kasaba Hobli, Channapatana Taluk, Ramanagara Disrtrict.",2024-09-14,2025-05-15,1000000.0,Physical Inspection,243.0,492765.672055512,1.0293621425141521,0.5198637499210003,0.42221609652796
141426.0,Normal/Others,KARNATAKA,BENGALURU URBAN(DEPUTY COMMISSIONER BANGALORE URBAN_IDA),Shri LS Tejasvi Surya,BANGALORE SOUTH,"Installation of Smart TV at Government Higher Primary School located in Sunkenahalli, Hanumantanagar Ward, Basavanagudi Assembly Constituency, Bengaluru South",2024-09-17,2025-03-17,498000.0,Physical Inspection,181.0,558874.980675941,-0.10892414722576181,0.08278774295599381,0.15677970483681702
141427.0,Normal/Others,KARNATAKA,BENGALURU URBAN(DEPUTY COMMISSIONER BANGALORE URBAN_IDA),Shri LS Tejasvi Surya,BANGALORE SOUTH,"Purchase of Furniture for Government Higher Primary School located in Sunkenahalli, Hanumantanagar Ward, Basavanagudi Assembly Constituency, Bengaluru South",2024-09-17,2025-03-17,499500.0,Physical Inspection,181.0,933865.1017392693,-0.46512617393057054,0.08278774295599381,0.15677970483681702
143487.0,Normal/Others,KARNATAKA,BENGALURU URBAN(DEPUTY COMMISSIONER BANGALORE URBAN_IDA),P C Mohan,BANGALORE CENTRAL,"Installation of 15 Nos. Dell Optiplex 7400 A10 12th Gen Core i7-12700T/16GB/512GB SSD + 1TB/WIN 10 Pro/FHD 24''/3 years on-site warranty, 02 Nos. Dell Optiplex 3280 A10 10th Gen Intel Core i5-10500T/8GB/1TB/22'' FHD/WIN 10 Pro/3 years on-site warranty, 03 Nos. Dell Optiplex 5400 A10 12th Gen Intel Core i5-12500T/8GB/256GB SSD + 1TB/WIN 11 Pro/24''/3 years on-site warranty, 02 Nos. Canon Jumbo Xerox Machines, and 02 Nos. Canon Laser Jet Printers 2900B",2024-09-25,2024-11-20,4739506.0,Physical Inspection,56.0,321343.11848876305,13.749050865907165,0.08278774295599381,0.15677970483681702
144765.0,Normal/Others,KARNATAKA,DHARWAD(DEPUTY COMMISSIONER DHARWAR_IDA),Pralhad Venkatesh Joshi,DHARWAD,Construction of Community Bhavan at Dharwad TQ Kyarkoppa village Pry No 48 near Kalmeshwar Temple Countinue work,2024-09-30,2025-01-09,495320.0,Physical Inspection,101.0,355018.820171565,0.3951936400459942,-0.4427711881781892,-0.16239239355860094
145631.0,Normal/Others,KARNATAKA,Bengaluru South(DEPUTY COMMISSIONER RAMANAGARA_IDA),DR C N MANJUNATH,BANGALORE RURAL,"Construction of bus-sheds or bus-stops at Sri Pataladamma Temple, Sulleri, Sulleri Grama Panchayath, Channapatana Taluk, Ramanagara District, Karnataka State.",2024-10-05,2025-02-20,500000.0,Work partially Completed,138.0,306676.5574929472,0.6303821983899071,0.5198637499210003,0.42221609652796
145643.0,Normal/Others,KARNATAKA,Bengaluru South(DEPUTY COMMISSIONER RAMANAGARA_IDA),DR C N MANJUNATH,BANGALORE RURAL,"Construction of bus-sheds or bus-stops at Sri Anjaneya Swamy Temple Between Brahmanipura Huchaiahna Doddi and Yelachi Palya, Thagachakere Grama Panchayath, Channapatna Taluk, Ramanagara District, Karnataka",2024-10-05,2025-02-20,500000.0,Work partially Completed,138.0,348332.9762095421,0.4354081701963859,0.5198637499210003,0.42221609652796
145644.0,Normal/Others,KARNATAKA,Bengaluru South(DEPUTY COMMISSIONER RAMANAGARA_IDA),DR C N MANJUNATH,BANGALORE RURAL,"Construction of bus-sheds or bus-stops at Kondapura Village, Kodamballi Grama Panchayath, Channapatna Taluk, Ramanagara District, Karnataka",2024-10-05,2025-02-20,500000.0,Physical Inspection,138.0,358237.9523422268,0.3957203493680845,0.5198637499210003,0.42221609652796
145645.0,Normal/Others,KARNATAKA,Bengaluru South(DEPUTY COMMISSIONER RAMANAGARA_IDA),DR C N MANJUNATH,BANGALORE RURAL,"Construction of bus-sheds or bus-stops at Harohalli Village, Sulleri  Grama Panchayath, Channapatna Taluk, Ramanagara District, Karnataka",2024-10-05,2025-02-20,500000.0,Work partially Completed,138.0,342350.42524949595,0.4604918327050805,0.5198637499210003,0.42221609652796
145646.0,Normal/Others,KARNATAKA,Bengaluru South(DEPUTY COMMISSIONER RAMANAGARA_IDA),DR C N MANJUNATH,BANGALORE RURAL,"Construction of bus-sheds or bus-stops at Santhe Mogenahalli Cross Road, Honganur Grama Panchayath, Channapatna Taluk, Ramanagara District, Karnataka",2024-10-05,2025-02-20,500000.0,Work partially Completed,138.0,307208.8695520607,0.6275571754456399,0.5198637499210003,0.42221609652796
145647.0,Normal/Others,KARNATAKA,Bengaluru South(DEPUTY COMMISSIONER RAMANAGARA_IDA),DR C N MANJUNATH,BANGALORE RURAL,"Construction of bus-sheds or bus-stops at Doddakabballi Gate, Herandyapanahalli Grama Panchayath, Kanakapura Taluk, Ramanagara District, Karnataka",2024-10-05,2025-02-20,500000.0,Work partially Completed,138.0,348002.7531439426,0.4367702424273279,0.5198637499210003,0.42221609652796
145648.0,Normal/Others,KARNATAKA,Bengaluru South(DEPUTY COMMISSIONER RAMANAGARA_IDA),DR C N MANJUNATH,BANGALORE RURAL,"Construction of bus-sheds or bus-stops at Aralalu Village, Shivanahalli Grama Panchayath, Kanakapura Taluk, Ramanagara District, Karnataka",2024-10-05,2025-02-20,500000.0,Work partially Completed,138.0,350881.24033707037,0.4249835628706746,0.5198637499210003,0.42221609652796
145649.0,Normal/Others,KARNATAKA,Bengaluru South(DEPUTY COMMISSIONER RAMANAGARA_IDA),DR C N MANJUNATH,BANGALORE RURAL,"Construction of bus-sheds or bus-stops at Kebbehalli Village Gate, Narayanapura Grama Panchayath, Kanakapura Taluk, Ramanagara District, Karnataka",2024-10-05,2025-02-20,500000.0,Work partially Completed,138.0,366526.28766431793,0.36415863425851625,0.5198637499210003,0.42221609652796
145650.0,Normal/Others,KARNATAKA,Bengaluru South(DEPUTY COMMISSIONER RAMANAGARA_IDA),DR C N MANJUNATH,BANGALORE RURAL,"Construction of bus-sheds or bus-stops at Rampura Doddi (Plantation) Gate, Arakere Grama Panchayath, Kanakapura Taluk, Ramanagara District, Karnataka",2024-10-05,2025-02-20,500000.0,Work partially Completed,138.0,340217.52327359084,0.4696479922285419,0.5198637499210003,0.42221609652796
145651.0,Normal/Others,KARNATAKA,Bengaluru South(DEPUTY COMMISSIONER RAMANAGARA_IDA),DR C N MANJUNATH,BANGALORE RURAL,"Construction of bus-sheds or bus-stops at Basavanahalli Gate, Somedyapanahalli Grama Panchayath, Kanakapura Taluk, Ramanagara District, Karnataka",2024-10-05,2025-02-20,500000.0,Work partially Completed,138.0,323180.19728831237,0.5471244964738508,0.5198637499210003,0.42221609652796
145652.0,Normal/Others,KARNATAKA,Bengaluru South(DEPUTY COMMISSIONER RAMANAGARA_IDA),DR C N MANJUNATH,BANGALORE RURAL,"Construction of bus-sheds or bus-stops at Belaguli Village, Kottagalu Grama Panchayath, Harohalli Taluk, Ramanagara District, Karnataka",2024-10-05,2025-02-20,500000.0,Work partially Completed,138.0,329011.05901305383,0.5197057554839274,0.5198637499210003,0.42221609652796
145653.0,Normal/Others,KARNATAKA,Bengaluru South(DEPUTY COMMISSIONER RAMANAGARA_IDA),DR C N MANJUNATH,BANGALORE RURAL,"Construction of bus-sheds or bus-stops at Jakkasandra Village, Chiluru Grama Panchayath, Harohalli Taluk, Ramanagara District, Karnataka",2024-10-05,2025-02-20,500000.0,Work partially Completed,138.0,328002.5029995054,0.5243786112228357,0.5198637499210003,0.42221609652796
145654.0,Normal/Others,KARNATAKA,Bengaluru South(DEPUTY COMMISSIONER RAMANAGARA_IDA),DR C N MANJUNATH,BANGALORE RURAL,"Construction of bus-sheds or bus-stops Mayaganahalli Circle (Ketohalli Road side), Mayaganahalli Grama Panchayath, Ramanagara District, Karnataka",2024-10-05,2025-02-20,500000.0,Physical Inspection,138.0,320887.03551658284,0.5581807448065659,0.5198637499210003,0.42221609652796
145655.0,Normal/Others,KARNATAKA,Bengaluru South(DEPUTY COMMISSIONER RAMANAGARA_IDA),DR C N MANJUNATH,BANGALORE RURAL,"Construction of bus-sheds or bus-stops at Kurubarahalli (Pete), Bilagumba Grama Panchayath, Kasaba Hobli, Ramanagara Taluk and District, Karnataka",2024-10-05,2025-04-16,500000.0,Physical Inspection,193.0,374506.1424113677,0.3350915869646444,0.5198637499210003,0.42221609652796
145656.0,Normal/Others,KARNATAKA,Bengaluru South(DEPUTY COMMISSIONER RAMANAGARA_IDA),DR C N MANJUNATH,BANGALORE RURAL,"Construction of bus-sheds or bus-stops at Jayapura Gate, Bilagumba Grama Panchayath, Ramanagara Taluk and District, Karnataka",2024-10-05,2025-02-20,500000.0,Physical Inspection,138.0,352249.4505030079,0.4194486301852454,0.5198637499210003,0.42221609652796
145670.0,Normal/Others,KARNATAKA,Bengaluru South(DEPUTY COMMISSIONER RAMANAGARA_IDA),DR C N MANJUNATH,BANGALORE RURAL,"Construction of bus-sheds or bus-stops at B.G.S. Circle (Ramanagara - Magadi Main Road), Ramanagara Town, Ramanagara District, Karnataka",2024-10-05,2025-02-20,500000.0,Work partially Completed,138.0,374372.41088639834,0.33556850200620897,0.5198637499210003,0.42221609652796
145671.0,Normal/Others,KARNATAKA,Bengaluru South(DEPUTY COMMISSIONER RAMANAGARA_IDA),DR C N MANJUNATH,BANGALORE RURAL,"Construction of bus-sheds or bus-stops at Banavasi Village Gate, Banavasi Grama Panchayath, Harohalli Taluk, Ramanagara District, Karnataka.",2024-10-05,2025-02-20,500000.0,Work partially Completed,138.0,330727.19736784097,0.5118200256264097,0.5198637499210003,0.42221609652796
145672.0,Normal/Others,KARNATAKA,Bengaluru South(DEPUTY COMMISSIONER RAMANAGARA_IDA),DR C N MANJUNATH,BANGALORE RURAL,"Construction of bus-sheds or bus-stops at Thippasandra Handpost, Thippasandra Grama Panchayath, Magadi Taluk, Ramanagara District, Karnataka",2024-10-05,2025-03-11,500000.0,Work partially Completed,157.0,372995.22920528194,0.34049971916616556,0.5198637499210003,0.42221609652796
145673.0,Normal/Others,KARNATAKA,Bengaluru South(DEPUTY COMMISSIONER RAMANAGARA_IDA),DR C N MANJUNATH,BANGALORE RURAL,"Construction of bus-sheds or bus-stops at Agalakote Village Gate, Agalakote Grama panchayath, Magadi Taluk, Ramanagara District, Karnataka",2024-10-05,2025-03-11,500000.0,Work partially Completed,157.0,362432.17194561416,0.37956847847113584,0.5198637499210003,0.42221609652796
145674.0,Normal/Others,KARNATAKA,Bengaluru South(DEPUTY COMMISSIONER RAMANAGARA_IDA),DR C N MANJUNATH,BANGALORE RURAL,"Construction of bus-sheds or bus-stops at Government Primary School Circle, Kempavaderahalli Village, Lakshmipura Grama Panchayath, Ramanagara Taluk and District, Karnataka",2024-10-05,2025-02-20,500000.0,Physical Inspection,138.0,390409.00266470626,0.2807081716540574,0.5198637499210003,0.42221609652796
145677.0,Normal/Others,KARNATAKA,Bengaluru South(DEPUTY COMMISSIONER RAMANAGARA_IDA),DR C N MANJUNATH,BANGALORE RURAL,"Construction of bus-sheds or bus-stops at Talakuppe Village, Manchanayakanahalli Grama Panchayath, Ramanagara Taluk and District, Karnataka",2024-10-05,2025-02-20,500000.0,Work partially Completed,138.0,341330.56812914036,0.46485561706512035,0.5198637499210003,0.42221609652796
145678.0,Normal/Others,KARNATAKA,Bengaluru South(DEPUTY COMMISSIONER RAMANAGARA_IDA),DR C N MANJUNATH,BANGALORE RURAL,"Construction of bus-sheds or bus-stops at Huluvenahalli Kalyani, Mathikere Grama Panchayath, Magadi Taluk, Ramanagara District, Karnataka",2024-10-05,2025-03-11,500000.0,Work partially Completed,157.0,390052.1591342028,0.2818798416853991,0.5198637499210003,0.42221609652796
145695.0,Normal/Others,KARNATAKA,TUMAKURU(DEPUTY COMMISSIONER TUMKUR_IDA),DR C N MANJUNATH,BANGALORE RURAL,"Construction of bus-sheds or bus-stops at Sondalagere,  Kempanahalli Grama Panchayath, Kunigal Taluk, Tumkur District, Karnataka",2024-10-05,2025-07-15,500000.0,Work partially Completed,283.0,334530.45630763285,0.49463222427856324,0.0,0.4761495006211198
145696.0,Normal/Others,KARNATAKA,TUMAKURU(DEPUTY COMMISSIONER TUMKUR_IDA),DR C N MANJUNATH,BANGALORE RURAL,"Construction of bus-sheds or bus-stops at Chowdammanagudi Temple Gate, Ippadi Grama Panchayath, Kunigal Taluk, Tumkur District, Karnataka",2024-10-05,2025-07-15,500000.0,Work partially Completed,283.0,343013.92327916075,0.45766677696367636,0.0,0.4761495006211198
145721.0,Normal/Others,KARNATAKA,TUMAKURU(DEPUTY COMMISSIONER TUMKUR_IDA),DR C N MANJUNATH,BANGALORE RURAL,"Construction of bus-sheds or bus-stops at Yediyur Circle, Yediyur Grama Panchayath, Kunigal Taluk, Tumkur District, Karnataka",2024-10-05,2025-07-15,500000.0,Vendor Identification,283.0,320770.67224166385,0.558745992910809,0.0,0.4761495006211198
145722.0,Normal/Others,KARNATAKA,TUMAKURU(DEPUTY COMMISSIONER TUMKUR_IDA),DR C N MANJUNATH,BANGALORE RURAL,"Construction of bus-sheds or bus-stops at Huliyurdurga Circle, Huliyurdurga Grama Panchayath, Kunigal Taluk, Tumkur District, Karnataka",2024-10-05,2025-07-15,500000.0,Vendor Identification,283.0,345567.1224502207,0.4468969051650032,0.0,0.4761495006211198
145723.0,Normal/Others,KARNATAKA,TUMAKURU(DEPUTY COMMISSIONER TUMKUR_IDA),DR C N MANJUNATH,BANGALORE RURAL,"Construction of bus-sheds or bus-stops at ujjani Village, Ujjani Grama Panchayath, Kunigal Taluk, Tumkur District, Karnataka",2024-10-05,2025-07-15,500000.0,Vendor Identification,283.0,323240.9165205964,0.5468338766702536,0.0,0.4761495006211198
145724.0,Normal/Others,KARNATAKA,BENGALURU URBAN(DEPUTY COMMISSIONER BANGALORE URBAN_IDA),DR C N MANJUNATH,BANGALORE RURAL,"Construction of bus-sheds or bus-stops at Indlawadi Circle, Idlawadi Grama Panchayath, Anekal Taluk, Bangalore Urban District, Karnataka",2024-10-05,2025-06-21,499204.0,Physical Inspection,259.0,352275.52013076673,0.417083991004236,0.08278774295599381,0.15677970483681702
145725.0,Normal/Others,KARNATAKA,BENGALURU URBAN(DEPUTY COMMISSIONER BANGALORE URBAN_IDA),DR C N MANJUNATH,BANGALORE RURAL,"Construction of bus-sheds or bus-stops at Haldenahalli, Karpur Grama Panchayath, Anekal Taluk, Bangalore Urban District, Karnataka.",2024-10-05,2025-04-09,500000.0,Sanction,186.0,330408.6918132467,0.5132773815847724,0.08278774295599381,0.15677970483681702
145726.0,Normal/Others,KARNATAKA,BENGALURU URBAN(DEPUTY COMMISSIONER BANGALORE URBAN_IDA),DR C N MANJUNATH,BANGALORE RURAL,"Construction of bus-sheds or bus-stops M Medihalli Village (Shubha Appartments), Mayasandra Grama Panchayath, Anekal Taluk, Bangalore Urban District.",2024-10-05,2025-04-09,500000.0,Sanction,186.0,326666.86631762836,0.5306113094244289,0.08278774295599381,0.15677970483681702
145727.0,Normal/Others,KARNATAKA,BENGALURU URBAN(DEPUTY COMMISSIONER BANGALORE URBAN_IDA),DR C N MANJUNATH,BANGALORE RURAL,"Construction of bus-sheds or bus-stops at Honnakalasapura Gate, Suragajakkanahalli Grama Panchayath, Anekal Taluk, Bangalore Urban District.",2024-10-05,2025-04-09,499204.0,Physical Inspection,186.0,337300.3631621498,0.47999840652415354,0.08278774295599381,0.15677970483681702
145728.0,Normal/Others,KARNATAKA,BENGALURU URBAN(DEPUTY COMMISSIONER BANGALORE URBAN_IDA),DR C N MANJUNATH,BANGALORE RURAL,"Construction of bus-sheds or bus-stops at Telagarahalli Village,  Vanakanahalli Grama Panchayath, Anekal Taluk, Bangalore Urban District.",2024-10-05,2025-04-09,499204.0,Physical Inspection,186.0,952478.3790123621,-0.4758894154451763,0.08278774295599381,0.15677970483681702
145734.0,Normal/Others,KARNATAKA,TUMAKURU(DEPUTY COMMISSIONER TUMKUR_IDA),DR C N MANJUNATH,BANGALORE RURAL,"Fitting of Sitting RCC Benches in Public Places At Aralikatte of Lakshmi Narasimhaswamy Temple, Norajanakuppe, Taredakuppe Grama Panchayath , Kunigal Taluk, Tumkur District, Karnataka.",2024-10-05,2025-08-30,300000.0,Work Completed,329.0,972018.7853056124,-0.6913639895285799,0.0,0.4761495006211198
145735.0,Normal/Others,KARNATAKA,Bengaluru South(DEPUTY COMMISSIONER RAMANAGARA_IDA),DR C N MANJUNATH,BANGALORE RURAL,"Construction of culverts and bridges between Muthasagara and B G Palya, Near the land of Sardar Saheb, Magadi Taluk, Ramanagara District, Karnataka.",2024-10-05,2025-07-24,500000.0,Physical Inspection,292.0,477338.18334742234,0.04747539049496832,0.5198637499210003,0.42221609652796
145738.0,Normal/Others,KARNATAKA,Bengaluru South(DEPUTY COMMISSIONER RAMANAGARA_IDA),DR C N MANJUNATH,BANGALORE RURAL,"Construction of  C.C. road from the house of Smt. Chandrakala Bai to to the House of Smt. Rajeshwari at Kodihalli Colony, Biskuru Grama Panchayath, Magadi Taluk, Ramanagara District, Karnataka.",2024-10-05,2025-04-24,300000.0,Physical Inspection,201.0,317077.35949722154,-0.05385865305646706,0.5198637499210003,0.42221609652796
145739.0,Normal/Others,KARNATAKA,Bengaluru South(DEPUTY COMMISSIONER RAMANAGARA_IDA),DR C N MANJUNATH,BANGALORE RURAL,"Construction of community centers and community halls at Byragi Colony, Bannikuppe Grama Panchayath, Bidadi Hobli, Ramanagara Taluk & District, Karnataka.",2024-10-05,2025-02-20,1000000.0,Physical Inspection,138.0,521287.9074519824,0.9183257192516276,0.5198637499210003,0.42221609652796
145740.0,Normal/Others,KARNATAKA,Bengaluru South(DEPUTY COMMISSIONER RAMANAGARA_IDA),DR C N MANJUNATH,BANGALORE RURAL,"Construction of New Building of Milk Producers Co-operative Society at Kodiyala Karenahalli, Byramangala Grama Panchayath, Bidadi Hobli, Ramanagara Taluk & District, Karnataka State.",2024-10-05,2025-02-20,500000.0,Work Completed,138.0,512046.10642189987,-0.02352543310225757,0.5198637499210003,0.42221609652796
146451.0,Normal/Others,KARNATAKA,BENGALURU URBAN(DEPUTY COMMISSIONER BANGALORE URBAN_IDA),Shri LS Tejasvi Surya,BANGALORE SOUTH,"Installing Clean Water Drinking Plant in front of Sri Akhandeswaraswamy Temple, Bairasandra 1st Main Road, Jayanagar 1st East Block, Jayanagar Assembly Constituency, Bengaluru South",2024-10-09,2025-04-09,1199943.0,Physical Inspection,182.0,494802.1249480445,1.4250966992633614,0.08278774295599381,0.15677970483681702
146452.0,Normal/Others,KARNATAKA,BENGALURU URBAN(DEPUTY COMMISSIONER BANGALORE URBAN_IDA),Shri LS Tejasvi Surya,BANGALORE SOUTH,"Installation of Clean Drinking Water Plant in the empty space available in premises of Indira Canteen located in 1st Cross Road, Byrasandra 8th Main Road, Jayanagar 1st East Block, Jayanagar Assembly Constituency, Bengaluru South",2024-10-09,2025-04-09,1199899.0,Physical Inspection,182.0,468638.49659592425,1.5603935842142156,0.08278774295599381,0.15677970483681702
146587.0,Trust and Society,KARNATAKA,BENGALURU URBAN(DEPUTY COMMISSIONER BANGALORE URBAN_IDA),DR C N MANJUNATH,BANGALORE RURAL,"Construction of New Building Nammane Summane Destitute Orphanage at No.18 Gangondanahalli, Chammundeshwari Layout, Lakshmipura Post, Dasanapura Hobli, Bengaluru North Taluk, Pin-560073",2024-10-09,2026-08-19,500000.0,Sanction,679.0,603492.1395186108,-0.17148879453701524,0.08278774295599381,0.15677970483681702
148068.0,Normal/Others,KARNATAKA,HASSAN(DEPUTY COMMISSIONER HASSAN_IDA),DR C N MANJUNATH,BANGALORE RURAL,"Construction of community hall by Hassan District Vokkaligara Sangha at S.M Krishna Nagar, Hassan CMC.",2024-10-17,2025-03-17,1000000.0,Work partially Completed,151.0,334239.374959174,1.9918677298931218,0.0,1.9918677298931218
148093.0,Normal/Others,KARNATAKA,Bengaluru South(DEPUTY COMMISSIONER RAMANAGARA_IDA),DR C N MANJUNATH,BANGALORE RURAL,"Construction of community center at Bilagumba Village, Near Jalasiddeshwara Temple, Ramanagara Taluk And District, Karnataka State.",2024-10-17,2025-02-20,500000.0,Physical Inspection,126.0,298662.483305653,0.6741305920512856,0.5198637499210003,0.42221609652796
148096.0,Normal/Others,KARNATAKA,Bengaluru South(DEPUTY COMMISSIONER RAMANAGARA_IDA),DR C N MANJUNATH,BANGALORE RURAL,Construction of C.C Road at Aladamaradadoddi Village from Govindaiah's House to Hanumaiah's House.,2024-10-17,2025-07-23,500000.0,Physical Inspection,279.0,444187.2180655182,0.12565148132256557,0.5198637499210003,0.42221609652796
148097.0,Normal/Others,KARNATAKA,Bengaluru South(DEPUTY COMMISSIONER RAMANAGARA_IDA),DR C N MANJUNATH,BANGALORE RURAL,"Construction of Road to Dr. B.R Ambedkar Residential School, Gunnur, Hulikere-Gunnur Grama Panchayath, Ramanagara Taluk & District, Karnataka State.",2024-10-17,2025-02-20,500000.0,Physical Inspection,126.0,264034.3939113423,0.8936926837186614,0.5198637499210003,0.42221609652796
148098.0,Normal/Others,KARNATAKA,Bengaluru South(DEPUTY COMMISSIONER RAMANAGARA_IDA),DR C N MANJUNATH,BANGALORE RURAL,"Construction of New Building for Milk Producers Co-Operative Society, Sabbakere Village, Hulikere-Gunnur Grama Panchayath, Ramanagara Taluk & District, Karnataka State.",2024-10-17,2025-02-20,500000.0,Work partially Completed,126.0,498356.9683116414,0.0032968971898294534,0.5198637499210003,0.42221609652796
148099.0,Normal/Others,KARNATAKA,Bengaluru South(DEPUTY COMMISSIONER RAMANAGARA_IDA),DR C N MANJUNATH,BANGALORE RURAL,"Development of  burial ground at Harijana Colony, of Krishnapura Village, Virupakshipura Hobli, Chanapatna Taluk, Ramanagara District, Karnataka State",2024-10-17,2025-02-20,500000.0,Physical Inspection,126.0,478347.65256693773,0.04526487653251803,0.5198637499210003,0.42221609652796
148100.0,Normal/Others,KARNATAKA,Bengaluru South(DEPUTY COMMISSIONER RAMANAGARA_IDA),DR C N MANJUNATH,BANGALORE RURAL,"Construction of Road Near Kere Kodi at Survey No.151, of Achalu  Village, Kanakapura Taluk, Ramanagara District, Karnataka State.",2024-10-17,2025-06-04,500000.0,Work partially Completed,230.0,288261.72161167936,0.7345348428660108,0.5198637499210003,0.42221609652796
148397.0,Normal/Others,KARNATAKA,BIDAR(DEPUTY COMMISSIONER BIDAR_IDA),SAGAR ESHWAR KHANDRE,BIDAR,installation of High-mast light,2024-10-19,2025-06-10,250000.0,Work partially Completed,234.0,490107.93355954916,-0.489908277582239,0.0,-0.489908277582239
148398.0,Normal/Others,KARNATAKA,BIDAR(DEPUTY COMMISSIONER BIDAR_IDA),SAGAR ESHWAR KHANDRE,BIDAR,installation of High-mast light,2024-10-19,2025-06-10,250000.0,Work partially Completed,234.0,490107.93355954916,-0.489908277582239,0.0,-0.489908277582239
148399.0,Normal/Others,KARNATAKA,BIDAR(DEPUTY COMMISSIONER BIDAR_IDA),SAGAR ESHWAR KHANDRE,BIDAR,installation of High-mast light,2024-10-19,2025-07-07,250000.0,Work partially Completed,261.0,490107.93355954916,-0.489908277582239,0.0,-0.489908277582239
149647.0,Normal/Others,KARNATAKA,UDUPI(DEPUTY COMMISSIONER UDUPI_IDA),KOTA SRINIVAS POOJARY,UDUPI CHIKMAGALUR,"Udupi District, Brahmavar Taluk, Kota Gram Panchayat, Kota Giliyaru Moodu Giliyaru Padu Road Development.",2024-10-28,2025-11-03,500000.0,Physical Inspection,371.0,466427.0268571666,0.0719790475458756,-0.10206747347270242,0.0445170757924209
149649.0,Normal/Others,KARNATAKA,UDUPI(DEPUTY COMMISSIONER UDUPI_IDA),KOTA SRINIVAS POOJARY,UDUPI CHIKMAGALUR,"Udupi District, Brahmavar Taluk, Awarse Gram Panchayat, Road Development from Chikku Temple to Holegadde House.",2024-10-28,2025-07-14,500000.0,Physical Inspection,259.0,478690.11583240604,0.0445170757924209,-0.10206747347270242,0.0445170757924209
149650.0,Normal/Others,KARNATAKA,UDUPI(DEPUTY COMMISSIONER UDUPI_IDA),KOTA SRINIVAS POOJARY,UDUPI CHIKMAGALUR,"Udupi District, Kundapur Taluk, Hangaluru Gram Panchayat, Sri Shanishwara Temple Road development  work.",2024-10-28,2025-03-28,498517.0,Physical Inspection,151.0,572330.4514319648,-0.12896998796287054,-0.10206747347270242,0.0445170757924209
149669.0,Normal/Others,KARNATAKA,UDUPI(DEPUTY COMMISSIONER UDUPI_IDA),KOTA SRINIVAS POOJARY,UDUPI CHIKMAGALUR,"Udupi District, Kundapur Taluk Molahalli Gram Panchayat Molahalli Village, Kailkere Durgaparameshwari  Temple, Road Development  work",2024-10-28,2025-03-24,500000.0,Physical Inspection,147.0,449369.32059170067,0.11267052975853381,-0.10206747347270242,0.0445170757924209
149671.0,Normal/Others,KARNATAKA,UDUPI(DEPUTY COMMISSIONER UDUPI_IDA),KOTA SRINIVAS POOJARY,UDUPI CHIKMAGALUR,"Udupi District, Brahmavar Taluk, Kadur Panchayat Kadur Village, Tantradi Koppada Bettu Road Development  work.",2024-10-28,2025-04-28,500000.0,Physical Inspection,182.0,464801.1147301683,0.07572891749682174,-0.10206747347270242,0.0445170757924209
149672.0,Normal/Others,KARNATAKA,UDUPI(DEPUTY COMMISSIONER UDUPI_IDA),KOTA SRINIVAS POOJARY,UDUPI CHIKMAGALUR,"Udupi District, Hebri Taluk, Madamakki Panchayat Area, near Umamaheshwari Temple to Huntina Palu road development work.",2024-10-28,2025-07-14,499755.0,Physical Inspection,259.0,838777.3731881025,-0.40418635984363166,-0.10206747347270242,0.0445170757924209
149678.0,Normal/Others,KARNATAKA,UDUPI(DEPUTY COMMISSIONER UDUPI_IDA),KOTA SRINIVAS POOJARY,UDUPI CHIKMAGALUR,"Udupi district, Hebri taluk Belve Gram Panchayat area Gummahola, Gadi Rama Nayka home road development work. (ST)",2024-10-28,2025-05-23,499759.0,Physical Inspection,207.0,466959.2061704852,0.07024124033982473,-0.10206747347270242,0.0445170757924209
149679.0,Normal/Others,KARNATAKA,UDUPI(DEPUTY COMMISSIONER UDUPI_IDA),KOTA SRINIVAS POOJARY,UDUPI CHIKMAGALUR,"Udupi District, Kapu Vidhan Sabha Constituency, Kutyaru Village, Padu Kutyaru Ramesh Acharya's house to Anegundi Samsthan hall, road development work.",2024-10-28,2025-07-05,500000.0,Sanction,250.0,456253.6556217596,0.09588163040277471,-0.10206747347270242,0.0445170757924209
149680.0,Normal/Others,KARNATAKA,UDUPI(DEPUTY COMMISSIONER UDUPI_IDA),KOTA SRINIVAS POOJARY,UDUPI CHIKMAGALUR,"Development of road from Padu Kutyaru Anegundi Sansthan Hall to Morarji Desai Residential School in Kapu Vidhan Sabha Constituency, Udupi District",2024-10-28,2025-05-23,500000.0,Physical Inspection,207.0,245560.74651747735,1.0361560513679795,-0.10206747347270242,0.0445170757924209
149681.0,Normal/Others,KARNATAKA,UDUPI(DEPUTY COMMISSIONER UDUPI_IDA),KOTA SRINIVAS POOJARY,UDUPI CHIKMAGALUR,"Udupi District, Kapu vidhana sabha Constituency, Patla Rural Education Society Backside SC Colony road Development Work Continued.(SCP)",2024-10-28,2025-07-10,500000.0,Sanction,255.0,519458.49651169364,-0.03745919383812717,-0.10206747347270242,0.0445170757924209
149682.0,Normal/Others,KARNATAKA,BELAGAVI(DEPUTY COMMISSIONER BELGAUM_IDA),PRIYANKA SATISH JARKIHOLI,CHIKKODI,Construction of HI-TECH Bus Shelter at BASAVESHWAR CIRCLE towards Gokak Road ward -13 in Chikkodi,2024-10-28,2026-02-16,800000.0,Work Completed,476.0,934022.2775471327,-0.14348938003822895,0.0,-0.14348938003822895
149684.0,Normal/Others,KARNATAKA,BELAGAVI(DEPUTY COMMISSIONER BELGAUM_IDA),PRIYANKA SATISH JARKIHOLI,CHIKKODI,Supply of furniture to Govt Primary School at Katageri Village,2024-10-28,2025-12-18,250000.0,Work Completed,416.0,935163.2269098721,-0.7326669903113137,0.0,-0.14348938003822895
149882.0,Normal/Others,KARNATAKA,UDUPI(DEPUTY COMMISSIONER UDUPI_IDA),KOTA SRINIVAS POOJARY,UDUPI CHIKMAGALUR,"Udupi District, Kapu Vidhan Sabha Constituency, Atradi Village, Atradi Shishu Mandir Road development work.",2024-10-29,2025-07-05,500000.0,Physical Inspection,249.0,518249.1551976418,-0.03521309203231066,-0.10206747347270242,0.0445170757924209
149931.0,Normal/Others,KARNATAKA,UDUPI(DEPUTY COMMISSIONER UDUPI_IDA),KOTA SRINIVAS POOJARY,UDUPI CHIKMAGALUR,"Udupi District, Kapu Vidhan Sabha Constituency, Bommarabettu Gram, panchayath, Gampa Gaddige  Road Development work. (st)",2024-10-29,2025-07-05,500000.0,Sanction,249.0,899535.6461966631,-0.4441576583273207,-0.10206747347270242,0.0445170757924209
149932.0,Normal/Others,KARNATAKA,UDUPI(DEPUTY COMMISSIONER UDUPI_IDA),KOTA SRINIVAS POOJARY,UDUPI CHIKMAGALUR,"Udupi District, Kapu Vidhan Sabha Constituency, Kapu Municipality, Bedu Badi Ward No: 8 opposite Harish Naik's house to Sharath's house, road development work. (ST)",2024-10-29,2025-05-23,500000.0,Physical Inspection,206.0,918578.2715467927,-0.4556805712832172,-0.10206747347270242,0.0445170757924209
149951.0,Normal/Others,KARNATAKA,UDUPI(DEPUTY COMMISSIONER UDUPI_IDA),KOTA SRINIVAS POOJARY,UDUPI CHIKMAGALUR,"Udupi District, Brahmavar Taluk, Chantaru Gram Panchayat, Heroor Village, Kolombe scheduled cast from Rajeev's House to till Kamala's House Road development work. (SC)",2024-10-29,2025-12-01,400000.0,Physical Inspection,398.0,304896.2671170816,0.31192160462364105,-0.10206747347270242,0.0445170757924209
149952.0,Normal/Others,KARNATAKA,UDUPI(DEPUTY COMMISSIONER UDUPI_IDA),KOTA SRINIVAS POOJARY,UDUPI CHIKMAGALUR,"Udupi District Brahmavar Taluk, Cherkadi Gram Panchayat From Mudkinajeddu State Highway to ST Hattarakatta road development  work  (ST)",2024-10-29,2025-11-03,400000.0,Physical Inspection,370.0,441361.4207800929,-0.09371326725155958,-0.10206747347270242,0.0445170757924209
149960.0,Normal/Others,KARNATAKA,UDUPI(DEPUTY COMMISSIONER UDUPI_IDA),KOTA SRINIVAS POOJARY,UDUPI CHIKMAGALUR,"Udupi District, udupi taluk, kadekar grama panchayath from sathish house to ashok bhandari house road development work",2024-10-29,2025-04-28,397505.0,Physical Inspection,181.0,848047.8576657214,-0.5312705569540084,-0.10206747347270242,0.0445170757924209
149961.0,Normal/Others,KARNATAKA,UDUPI(DEPUTY COMMISSIONER UDUPI_IDA),KOTA SRINIVAS POOJARY,UDUPI CHIKMAGALUR,"Udupi District, brahmavara taluk, haradi grama panchayath, Bikadi village, ration distribute centre front  road development work",2024-10-29,2026-03-06,400000.0,Work Completed,493.0,479775.722761929,-0.16627711444564847,-0.10206747347270242,0.0445170757924209
149962.0,Normal/Others,KARNATAKA,UDUPI(DEPUTY COMMISSIONER UDUPI_IDA),KOTA SRINIVAS POOJARY,UDUPI CHIKMAGALUR,"Udupi District, brahmavara taluk, Neelavara grama panchayath, from padu neelavara water tank upto factory  road development work",2024-10-29,2026-08-29,400000.0,Vendor Identification,669.0,462801.4391547597,-0.13569845260087673,-0.10206747347270242,0.0445170757924209
149964.0,Normal/Others,KARNATAKA,UDUPI(DEPUTY COMMISSIONER UDUPI_IDA),KOTA SRINIVAS POOJARY,UDUPI CHIKMAGALUR,"Udupi District, brahmavara taluk, 38 kalthuru grama panchayath kenjur village,from kolbettu road upto nukkibettu jayakara shetty’s house  road development work",2024-10-29,2025-12-30,400000.0,Work Completed,427.0,281802.78443590965,0.4194323906369063,-0.10206747347270242,0.0445170757924209
149965.0,Normal/Others,KARNATAKA,UDUPI(DEPUTY COMMISSIONER UDUPI_IDA),KOTA SRINIVAS POOJARY,UDUPI CHIKMAGALUR,"Udupi District, brahmavara taluk, 38 kalthuru grama panchayath, kalthuru village amuje dyangalu Rajeev shetty house road development work",2024-10-29,2026-08-05,400000.0,Sanction,645.0,268681.2183428979,0.4887531122086461,-0.10206747347270242,0.0445170757924209
150109.0,Normal/Others,KARNATAKA,UDUPI(DEPUTY COMMISSIONER UDUPI_IDA),KOTA SRINIVAS POOJARY,UDUPI CHIKMAGALUR,"udupi district, karkala taluk, nallur grama panchayath, nalluru neladabettu road development work.",2024-10-30,2025-08-25,1000000.0,Physical Inspection,299.0,464790.9625371219,1.1515048281949587,-0.10206747347270242,0.0445170757924209
150110.0,Normal/Others,KARNATAKA,UDUPI(DEPUTY COMMISSIONER UDUPI_IDA),KOTA SRINIVAS POOJARY,UDUPI CHIKMAGALUR,"udupi district, karkala taluk, kantavara grama panchayath kanthavara village, beladi bhootharajagudde holebadi road development work",2024-10-30,2026-06-29,300000.0,Sanction,607.0,236517.6108461913,0.26840449185448456,-0.10206747347270242,0.0445170757924209
150111.0,Normal/Others,KARNATAKA,UDUPI(DEPUTY COMMISSIONER UDUPI_IDA),KOTA SRINIVAS POOJARY,UDUPI CHIKMAGALUR,"udupi district, karakala taluk, nitte garama panchayath, nitte village, supala former producer road development work",2024-10-30,2025-07-05,500000.0,Physical Inspection,248.0,462628.21407003957,0.08078146726326235,-0.10206747347270242,0.0445170757924209
151542.0,Normal/Others,KARNATAKA,UTTARA KANNADA(DEPUTY COMMISSIONER UTTARKANNADA KARWAR_IDA),VISHWESHWAR HEGDE KAGERI,UTTARA KANNADA,"Improvements of Kardolli (Goshala) Road in Madnur Panchayat. Formation, Metling, Ashpalting.",2025-01-08,2025-06-16,800000.0,Work Completed,159.0,252690.62088741106,2.1659267652694094,1.011933702319698,0.721050327972744
151543.0,Normal/Others,KARNATAKA,UTTARA KANNADA(DEPUTY COMMISSIONER UTTARKANNADA KARWAR_IDA),VISHWESHWAR HEGDE KAGERI,UTTARA KANNADA,Improvements of Road from Khanapur-Talaguppa Road to Milk Producers Co-Operative Society.,2025-01-08,2025-06-16,600000.0,Work Completed,159.0,286525.59343132324,1.094053773049118,1.011933702319698,0.721050327972744
151546.0,Normal/Others,KARNATAKA,UTTARA KANNADA(DEPUTY COMMISSIONER UTTARKANNADA KARWAR_IDA),VISHWESHWAR HEGDE KAGERI,UTTARA KANNADA,Construction of Community hall  At Saihadri Colony,2025-01-08,2026-05-21,700000.0,Vendor Identification,498.0,467749.0422527525,0.49652898620313696,1.011933702319698,0.721050327972744
151575.0,Normal/Others,KARNATAKA,UTTARA KANNADA(DEPUTY COMMISSIONER UTTARKANNADA KARWAR_IDA),VISHWESHWAR HEGDE KAGERI,UTTARA KANNADA,"Improvements of Road and Construction of Steps to bhutarajeshwara Temple, Ganesh Nagara, Sirsi",2025-01-08,2026-02-26,800000.0,Work Completed,414.0,283491.22782584076,1.82195680668987,1.011933702319698,0.721050327972744
151735.0,Normal/Others,KARNATAKA,UTTARA KANNADA(DEPUTY COMMISSIONER UTTARKANNADA KARWAR_IDA),VISHWESHWAR HEGDE KAGERI,UTTARA KANNADA,Improvements to Urban Youth Playgrond in haliyal town,2025-01-08,2026-01-06,900000.0,Work partially Completed,363.0,613455.4804494613,0.46709912729216435,1.011933702319698,0.721050327972744
151736.0,Normal/Others,KARNATAKA,UTTARA KANNADA(DEPUTY COMMISSIONER UTTARKANNADA KARWAR_IDA),VISHWESHWAR HEGDE KAGERI,UTTARA KANNADA,Constuction of Samudaya Bhavana Shri Siddi Vinayaka Temple,2025-01-08,2026-01-06,1000000.0,Work Completed,363.0,491779.3310534906,1.0334323483213461,1.011933702319698,0.721050327972744
151757.0,Normal/Others,KARNATAKA,UTTARA KANNADA(DEPUTY COMMISSIONER UTTARKANNADA KARWAR_IDA),VISHWESHWAR HEGDE KAGERI,UTTARA KANNADA,Construction of Rangamandira at Melinamannige at Honnavara Taluka Balkur Panchayata,2025-01-08,2025-06-16,900000.0,Work Completed,159.0,499964.6932250004,0.8001271133659246,1.011933702319698,0.721050327972744
151980.0,Normal/Others,KARNATAKA,UDUPI(DEPUTY COMMISSIONER UDUPI_IDA),KOTA SRINIVAS POOJARY,UDUPI CHIKMAGALUR,"Udupi District, Karkala taluk, Kalya grama panchayath, kalya village, near patla place culverts & bridges construction",2024-11-11,2025-07-05,500000.0,Work Completed,236.0,900202.0952351987,-0.44456916658323997,-0.10206747347270242,0.0445170757924209
151981.0,Normal/Others,KARNATAKA,UDUPI(DEPUTY COMMISSIONER UDUPI_IDA),KOTA SRINIVAS POOJARY,UDUPI CHIKMAGALUR,"udupi district, karkala taluk, bola grama panchayath, bola village, hoovinahitlu road development work.",2024-11-11,2025-07-05,497512.0,Physical Inspection,236.0,445742.1878845703,0.11614294882232704,-0.10206747347270242,0.0445170757924209
152149.0,Normal/Others,KARNATAKA,UDUPI(DEPUTY COMMISSIONER UDUPI_IDA),KOTA SRINIVAS POOJARY,UDUPI CHIKMAGALUR,"Udupi distrct, karkala taluk, Kadtala panchayath, yellare village, yellare chennibettu road development work. (SC)",2024-11-12,2025-07-05,500000.0,Sanction,235.0,434749.40508306323,0.15008783026274639,-0.10206747347270242,0.0445170757924209
152150.0,Normal/Others,KARNATAKA,UDUPI(DEPUTY COMMISSIONER UDUPI_IDA),KOTA SRINIVAS POOJARY,UDUPI CHIKMAGALUR,"Udupi district karkala taluk, belman Panchayath, sooda village, sooda Village Development officer, office development work.",2024-11-12,2025-08-25,200000.0,Physical Inspection,286.0,948660.7348892572,-0.7891764751670183,-0.10206747347270242,0.0445170757924209
152196.0,Normal/Others,KARNATAKA,BENGALURU URBAN(DEPUTY COMMISSIONER BANGALORE URBAN_IDA),Shri LS Tejasvi Surya,BANGALORE SOUTH,"For installation of solar street lights and development works in Triangle Park located in Hampinagar between diagonal road, 4th Cross Rd, Chowdappa Layout Rd, Hampinagar, RPC Layout, Vijayanagar, Bengaluru - 560104",2024-11-12,2026-02-20,1999934.0,Physical Inspection,465.0,463199.9999437074,3.317646805360647,0.08278774295599381,0.15677970483681702
152322.0,Normal/Others,KARNATAKA,BENGALURU URBAN(DEPUTY COMMISSIONER BANGALORE URBAN_IDA),Shri LS Tejasvi Surya,BANGALORE SOUTH,"Installation of CCTV Camera System in Chowdappa Layout located in Bapujinagar Ward, Vijayanagar Assembly Constituency, Bengaluru",2024-11-15,2025-06-21,500000.0,Physical Inspection,218.0,932915.0012088182,-0.4640454925131138,0.08278774295599381,0.15677970483681702
152627.0,Trust and Society,KARNATAKA,BENGALURU URBAN(DEPUTY COMMISSIONER BANGALORE URBAN_IDA),Shri LS Tejasvi Surya,BANGALORE SOUTH,"Purchase of Physiotherapy Equipment for Sai Sukhadai Foundation located at No. 344, 13th Main Road, Shantiniketan Layout, Arakere, Bannerghatta Road, Bengaluru - 560076",2024-11-15,2026-01-09,500000.0,Sanction,420.0,574787.2112676237,-0.13011286577286496,0.08278774295599381,0.15677970483681702
154326.0,Normal/Others,KARNATAKA,BENGALURU URBAN(DEPUTY COMMISSIONER BANGALORE URBAN_IDA),DR C N MANJUNATH,BANGALORE RURAL,Providing Assistive Devices for People with Disabilities,2024-11-23,2026-08-20,250000.0,Vendor Identification,635.0,547552.8221223303,-0.543423045413239,0.08278774295599381,0.15677970483681702
154596.0,Normal/Others,KARNATAKA,CHITRADURGA(DEPUTY COMMISSIONER CHITRADURGA_IDA),GOVIND MAKTHAPPA KARJOL,CHITRADURGA(SC),Construction of Room building with furniture in the Premises of Chitradurga District Court,2024-11-25,2025-03-24,2500000.0,Work partially Completed,119.0,255140.957929646,8.798505188215856,0.0,-0.48486555125139114
154597.0,Normal/Others,KARNATAKA,CHITRADURGA(DEPUTY COMMISSIONER CHITRADURGA_IDA),GOVIND MAKTHAPPA KARJOL,CHITRADURGA(SC),Providing 2 chambered  morturary Freezing Chamber equipment to District government Hospital,2024-11-25,2025-09-03,500000.0,Work partially Completed,282.0,1078584.0826195679,-0.5364292797779427,0.0,-0.48486555125139114
154598.0,Normal/Others,KARNATAKA,CHITRADURGA(DEPUTY COMMISSIONER CHITRADURGA_IDA),GOVIND MAKTHAPPA KARJOL,CHITRADURGA(SC),Supply of 2 cabined Morturary Freezing Chamber to  District Government Hospital,2024-11-25,2025-09-03,500000.0,Work partially Completed,282.0,970620.3908797514,-0.48486555125139114,0.0,-0.48486555125139114
154775.0,Normal/Others,KARNATAKA,BALLARI(DEPUTY COMMISSIONER BELLARY_IDA),K. RAJASHEKAR BASAVARAJ HITNAL,KOPPAL,Construction of Continued Community Bhavan (Kanaka Bhavan) in halekote village of  Siraguppa constituency under Koppal Lok Sabha Constituency.,2024-11-25,2025-06-26,2500000.0,Work partially Completed,213.0,269622.6299304665,8.27221873269588,0.0,8.27221873269588
155152.0,Normal/Others,KARNATAKA,KOPPAL(DEPUTY COMMISSIONER KOPPAL_IDA),K. RAJASHEKAR BASAVARAJ HITNAL,KOPPAL,Construction of Continued Santa Kanakadasa Community Hall in Kushtagi Town of Kushtagi Assembly Constituency of Koppal Lok Sabha Constituency.,2024-11-27,2025-05-16,2500000.0,Work partially Completed,170.0,470897.65651550924,4.309009219751046,-0.25004013457858015,-0.045346766209835625
155190.0,Normal/Others,KARNATAKA,KOPPAL(DEPUTY COMMISSIONER KOPPAL_IDA),K. RAJASHEKAR BASAVARAJ HITNAL,KOPPAL,Installation of street lights in Kamanur village of Koppal assembly constituency of Koppal Lok Sabha constituency,2024-11-27,2025-07-16,1500000.0,Work Completed,231.0,550569.5013120361,1.7244516749028436,-0.25004013457858015,-0.045346766209835625
155192.0,Normal/Others,KARNATAKA,KOPPAL(DEPUTY COMMISSIONER KOPPAL_IDA),K. RAJASHEKAR BASAVARAJ HITNAL,KOPPAL,Installation of street lights in Moranahalli village of Koppal assembly constituency of Koppal Lok Sabha constituency,2024-11-27,2025-07-22,1500000.0,Work Completed,237.0,581085.8422064155,1.581374198181143,-0.25004013457858015,-0.045346766209835625
155194.0,Normal/Others,KARNATAKA,KOPPAL(DEPUTY COMMISSIONER KOPPAL_IDA),K. RAJASHEKAR BASAVARAJ HITNAL,KOPPAL,Installation work of Highmast Light near Achanur Mallikarjuna temple in Nilogalla village of Kushtagi assembly constituency of Koppal Lok Sabha constituency.,2024-11-27,2025-07-22,1000000.0,Work Completed,237.0,520224.1389848344,0.9222483638521665,-0.25004013457858015,-0.045346766209835625
155527.0,Normal/Others,KARNATAKA,UDUPI(DEPUTY COMMISSIONER UDUPI_IDA),KOTA SRINIVAS POOJARY,UDUPI CHIKMAGALUR,"Udupi District, Brahmavara Taluk, under Varambali Gram Panchayat,  Development and widening of road from Board School Gate to Brahmavara Police Station.",2024-11-28,2025-07-05,500000.0,Physical Inspection,219.0,848458.4381715986,-0.4106959427765438,-0.10206747347270242,0.0445170757924209
155528.0,Normal/Others,KARNATAKA,UDUPI(DEPUTY COMMISSIONER UDUPI_IDA),KOTA SRINIVAS POOJARY,UDUPI CHIKMAGALUR,"Udupi District, Brahmavar Taluk, Pandeshwar Gram Panchayat, Pandeshwar sc Colony  Road Development. (SC)",2024-11-28,2026-05-21,500000.0,Vendor Identification,539.0,417456.03184456326,0.19773092699298064,-0.10206747347270242,0.0445170757924209
155529.0,Normal/Others,KARNATAKA,UDUPI(DEPUTY COMMISSIONER UDUPI_IDA),KOTA SRINIVAS POOJARY,UDUPI CHIKMAGALUR,"Udupi District, Brahmavar Taluk, Kotathatu Panchayat Area, 1st Ward, near Deva Battada House, SC Colony Road Development. (SC)",2024-11-28,2025-11-03,500000.0,Physical Inspection,340.0,424700.85654390923,0.17729925027430618,-0.10206747347270242,0.0445170757924209
155533.0,Normal/Others,KARNATAKA,UDUPI(DEPUTY COMMISSIONER UDUPI_IDA),KOTA SRINIVAS POOJARY,UDUPI CHIKMAGALUR,"Udupi District, Karkala Taluk, Irvattur Gram Panchayat of Irvattur Village, kepmugudde SC Colony Road Development (SC)",2024-11-28,2025-07-05,500000.0,Physical Inspection,219.0,433325.88698885846,0.1538659817313334,-0.10206747347270242,0.0445170757924209
155534.0,Normal/Others,KARNATAKA,UDUPI(DEPUTY COMMISSIONER UDUPI_IDA),KOTA SRINIVAS POOJARY,UDUPI CHIKMAGALUR,"Udupi District, Hebri Taluk, Hebri Village, Bachhapu Five Cents colony Road Development. (ST.)",2024-11-28,2025-07-05,500000.0,Vendor Identification,219.0,518870.85174198815,-0.03636907272519484,-0.10206747347270242,0.0445170757924209
155535.0,Normal/Others,KARNATAKA,UDUPI(DEPUTY COMMISSIONER UDUPI_IDA),KOTA SRINIVAS POOJARY,UDUPI CHIKMAGALUR,"Udupi District, Karkala Taluk, Nadpalu Gram Panchayat Area, Nadpalu Village, Sitanadi Nandlu Temple Road Development.",2024-11-28,2025-07-05,500000.0,Vendor Identification,219.0,492480.23446829367,0.015269172253836843,-0.10206747347270242,0.0445170757924209
155579.0,Normal/Others,KARNATAKA,Bengaluru South(DEPUTY COMMISSIONER RAMANAGARA_IDA),DR C N MANJUNATH,BANGALORE RURAL,"Construction of community centers and community halls at Hippemaradadoddi (Kanva) Shanubhoganahalli Grama Panchayath, Ramanagara Taluk & District, Karnataka State.",2024-11-28,2025-03-14,1000000.0,Physical Inspection,106.0,512185.20069667854,0.9524187708660691,0.5198637499210003,0.42221609652796
155585.0,Normal/Others,KARNATAKA,Bengaluru South(DEPUTY COMMISSIONER RAMANAGARA_IDA),DR C N MANJUNATH,BANGALORE RURAL,"Construction of  Road and drainage systems from Hanchikuppe- Maregowdanadoddi-Gavinagamangala Main Road to Kerepalya Village, Hanchikuppe Grama Panchayath, Madabal Hobli, Magadi Taluk, Ramanagara District, Karnataka State.",2024-11-28,2025-03-14,500000.0,Physical Inspection,106.0,453818.95096107246,0.10176095321962181,0.5198637499210003,0.42221609652796
156002.0,Normal/Others,KARNATAKA,BAGALKOTE(DEPUTY COMMISSIONER BAGALKOT_IDA),Parvatagouda Chandanagouda Gaddigoudar,BAGALKOT,"Construction of Community Hall in Rabakavi-Banahatti (RAMPUR), Property No.CTSNO.3427,3428",2024-11-30,2025-03-10,500000.0,Work Completed,100.0,327309.3116608303,0.5276070132649268,-0.10585664319757611,0.04221591186841645
156003.0,Normal/Others,KARNATAKA,BAGALKOTE(DEPUTY COMMISSIONER BAGALKOT_IDA),Parvatagouda Chandanagouda Gaddigoudar,BAGALKOT,"Construction of Community Hall in KALATIPPI Village, Property No.182",2024-11-30,2025-03-10,500000.0,Sanction,100.0,354654.23210127524,0.4098238643243365,-0.10585664319757611,0.04221591186841645
156004.0,Normal/Others,KARNATAKA,BAGALKOTE(DEPUTY COMMISSIONER BAGALKOT_IDA),Parvatagouda Chandanagouda Gaddigoudar,BAGALKOT,"Construction of Community Hall in HANAGANDI Village, Property No.I",2024-11-30,2025-03-10,500000.0,Physical Inspection,100.0,554350.5374715403,-0.09804362726775667,-0.10585664319757611,0.04221591186841645
156005.0,Normal/Others,KARNATAKA,BAGALKOTE(DEPUTY COMMISSIONER BAGALKOT_IDA),Parvatagouda Chandanagouda Gaddigoudar,BAGALKOT,"Construction of Community Hall in MADANAMATTI Village, Property No.348/B",2024-11-30,2025-03-10,500000.0,Sanction,100.0,338485.8231324909,0.47716674031659173,-0.10585664319757611,0.04221591186841645
156006.0,Normal/Others,KARNATAKA,BAGALKOTE(DEPUTY COMMISSIONER BAGALKOT_IDA),Parvatagouda Chandanagouda Gaddigoudar,BAGALKOT,"Construction of Community Hall in YALLATTI Village, Property No.444/A [SC]",2024-11-30,2025-03-10,500000.0,Work Completed,100.0,474956.0618518705,0.052728957812397,-0.10585664319757611,0.04221591186841645
156169.0,Normal/Others,KARNATAKA,BAGALKOTE(DEPUTY COMMISSIONER BAGALKOT_IDA),Parvatagouda Chandanagouda Gaddigoudar,BAGALKOT,"Construction of Community Hall in GADDANAKERI Village, Property No.727/D/1",2024-11-30,2025-03-10,499771.0,Physical Inspection,100.0,512258.7335133957,-0.0243777854752166,-0.10585664319757611,0.04221591186841645
156170.0,Normal/Others,KARNATAKA,BAGALKOTE(DEPUTY COMMISSIONER BAGALKOT_IDA),Parvatagouda Chandanagouda Gaddigoudar,BAGALKOT,"Construction of Community Hall in CHIKKALAGUNDI Village, Property No.861",2024-11-30,2025-01-23,498944.0,Physical Inspection,54.0,280817.3456525709,0.776756342598925,-0.10585664319757611,0.04221591186841645
156171.0,Normal/Others,KARNATAKA,BAGALKOTE(DEPUTY COMMISSIONER BAGALKOT_IDA),Parvatagouda Chandanagouda Gaddigoudar,BAGALKOT,"Construction of Community Hall in SIDDAPUR Village, Property No.197/1",2024-11-30,2025-01-23,499498.0,Physical Inspection,54.0,455967.7584175902,0.09546780617445194,-0.10585664319757611,0.04221591186841645
156172.0,Normal/Others,KARNATAKA,BAGALKOTE(DEPUTY COMMISSIONER BAGALKOT_IDA),Parvatagouda Chandanagouda Gaddigoudar,BAGALKOT,"Construction of Community Hall in SONNA Village, Property No.35",2024-11-30,2025-01-21,499513.0,Physical Inspection,52.0,370033.41457619466,0.3499132249234855,-0.10585664319757611,0.04221591186841645
156173.0,Normal/Others,KARNATAKA,BAGALKOTE(DEPUTY COMMISSIONER BAGALKOT_IDA),Parvatagouda Chandanagouda Gaddigoudar,BAGALKOT,"Construction of Community Hall in NEERABUDIHAL Village, Property No.390",2024-11-30,2025-03-10,500000.0,Work Completed,100.0,523972.1289182349,-0.0457507710719776,-0.10585664319757611,0.04221591186841645
156174.0,Normal/Others,KARNATAKA,BAGALKOTE(DEPUTY COMMISSIONER BAGALKOT_IDA),Parvatagouda Chandanagouda Gaddigoudar,BAGALKOT,"Construction of Community Hall in YANDIGERI Village, Property No.58",2024-11-30,2025-03-10,500000.0,Work Completed,100.0,482840.54857050005,0.03553854679417937,-0.10585664319757611,0.04221591186841645
156175.0,Normal/Others,KARNATAKA,BAGALKOTE(DEPUTY COMMISSIONER BAGALKOT_IDA),Parvatagouda Chandanagouda Gaddigoudar,BAGALKOT,"Construction of Community Hall in MURANAL RC Village, Property No.POW-01",2024-11-30,2025-01-21,497947.0,Physical Inspection,52.0,506257.56938449544,-0.016415694079595436,-0.10585664319757611,0.04221591186841645
156176.0,Normal/Others,KARNATAKA,BAGALKOTE(DEPUTY COMMISSIONER BAGALKOT_IDA),Parvatagouda Chandanagouda Gaddigoudar,BAGALKOT,"Construction of Community Hall in GANGANABUDIHAL Village, Property No.277",2024-11-30,2025-03-10,500000.0,Work Completed,100.0,356835.6327626134,0.40120535645224464,-0.10585664319757611,0.04221591186841645
156180.0,Normal/Others,KARNATAKA,BAGALKOTE(DEPUTY COMMISSIONER BAGALKOT_IDA),Parvatagouda Chandanagouda Gaddigoudar,BAGALKOT,"Construction of Community Hall in JALIHAL Village, Property No.831",2024-11-30,2025-03-10,500000.0,Work Completed,100.0,479747.04118998983,0.04221591186841645,-0.10585664319757611,0.04221591186841645
156181.0,Normal/Others,KARNATAKA,BAGALKOTE(DEPUTY COMMISSIONER BAGALKOT_IDA),Parvatagouda Chandanagouda Gaddigoudar,BAGALKOT,"Construction of Community Hall in PADANAKATTI Village, Property No.306",2024-11-30,2025-03-10,500000.0,Time Estimation,100.0,451589.46652763843,0.10720031590771996,-0.10585664319757611,0.04221591186841645
156183.0,Normal/Others,KARNATAKA,BAGALKOTE(DEPUTY COMMISSIONER BAGALKOT_IDA),Parvatagouda Chandanagouda Gaddigoudar,BAGALKOT,"Construction of Community Hall in HULLIKERI SP Village, Property No.427 [SC]",2024-11-30,2025-03-10,500000.0,Work Completed,100.0,561416.9099985041,-0.10939625954385261,-0.10585664319757611,0.04221591186841645
156185.0,Normal/Others,KARNATAKA,BAGALKOTE(DEPUTY COMMISSIONER BAGALKOT_IDA),Parvatagouda Chandanagouda Gaddigoudar,BAGALKOT,"Construction of Community Hall in BN JALIHAL Village, Property No.440/A",2024-11-30,2025-03-10,500000.0,Physical Inspection,100.0,464015.47819201107,0.07755026178910873,-0.10585664319757611,0.04221591186841645
156186.0,Normal/Others,KARNATAKA,BAGALKOTE(DEPUTY COMMISSIONER BAGALKOT_IDA),Parvatagouda Chandanagouda Gaddigoudar,BAGALKOT,"Construction of Community Hall in SHIROL Village, Property No.204",2024-11-30,2025-03-10,500000.0,Physical Inspection,100.0,380740.30452708935,0.3132310765497784,-0.10585664319757611,0.04221591186841645
156187.0,Normal/Others,KARNATAKA,BAGALKOTE(DEPUTY COMMISSIONER BAGALKOT_IDA),Parvatagouda Chandanagouda Gaddigoudar,BAGALKOT,"Construction of Community Hall in SHIROL Village, Property No.23",2024-11-30,2025-03-10,500000.0,Work Completed,100.0,383749.64263512864,0.3029328094395201,-0.10585664319757611,0.04221591186841645
156188.0,Normal/Others,KARNATAKA,BAGALKOTE(DEPUTY COMMISSIONER BAGALKOT_IDA),Parvatagouda Chandanagouda Gaddigoudar,BAGALKOT,"Construction of Community Hall in KULALI Village, Property No.495/1",2024-11-30,2025-03-10,500000.0,Sanction,100.0,487426.601477753,0.025795470505974936,-0.10585664319757611,0.04221591186841645
156189.0,Normal/Others,KARNATAKA,BAGALKOTE(DEPUTY COMMISSIONER BAGALKOT_IDA),Parvatagouda Chandanagouda Gaddigoudar,BAGALKOT,"Construction of Community Hall in ALUR LT/DHARMANAGAR Village, Property No.298 [SC]",2024-11-30,2025-03-10,499728.0,Physical Inspection,100.0,294107.91558248363,0.6991314191944945,-0.10585664319757611,0.04221591186841645
156191.0,Normal/Others,KARNATAKA,BENGALURU URBAN(DEPUTY COMMISSIONER BANGALORE URBAN_IDA),Shri LS Tejasvi Surya,BANGALORE SOUTH,"Providing CCTV Camera System at NAL Layout, East End Main Road, 4th T Block, Jayanagar, Bengaluru - 560041",2024-11-30,2025-12-20,500000.0,Sanction,385.0,311404.2831917948,0.6056298098252185,0.08278774295599381,0.15677970483681702
156194.0,Normal/Others,KARNATAKA,BENGALURU URBAN(DEPUTY COMMISSIONER BANGALORE URBAN_IDA),Shri LS Tejasvi Surya,BANGALORE SOUTH,"Purchase of furniture and fixtures for educational purposes for Government Primary School located in Jaraganahalli Ward, Bommanahalli Assembly Constituency, Bengaluru.",2024-11-30,2025-04-05,500000.0,Physical Inspection,126.0,482032.9615791768,0.03727346437463911,0.08278774295599381,0.15677970483681702
156197.0,Normal/Others,KARNATAKA,BENGALURU URBAN(DEPUTY COMMISSIONER BANGALORE URBAN_IDA),Shri LS Tejasvi Surya,BANGALORE SOUTH,"Fitting of Sitting RCC Benches along with Roof Cover for public use at Sarakki Lake premises located in Jaraganahalli Ward, Bommanahalli Assembly Constituency - 560078",2024-11-30,2025-04-05,499434.0,Physical Inspection,126.0,907281.802982266,-0.44952714982451586,0.08278774295599381,0.15677970483681702
156403.0,Normal/Others,KARNATAKA,BAGALKOTE(DEPUTY COMMISSIONER BAGALKOT_IDA),Parvatagouda Chandanagouda Gaddigoudar,BAGALKOT,"Construction of Community Hall in HIRE- BADAWADAGI Village, Property No.137/1",2024-12-02,2025-03-10,499860.0,Physical Inspection,98.0,886280.2175463851,-0.43600230479719704,-0.10585664319757611,0.04221591186841645
156404.0,Normal/Others,KARNATAKA,BAGALKOTE(DEPUTY COMMISSIONER BAGALKOT_IDA),Parvatagouda Chandanagouda Gaddigoudar,BAGALKOT,"Construction of Community Hall in KADIWAL INAM Village, Property No.125/B [SC]",2024-12-02,2025-03-10,498845.0,Physical Inspection,98.0,509166.5206984645,-0.020271404891872347,-0.10585664319757611,0.04221591186841645
156405.0,Normal/Others,KARNATAKA,BAGALKOTE(DEPUTY COMMISSIONER BAGALKOT_IDA),Parvatagouda Chandanagouda Gaddigoudar,BAGALKOT,"Construction of Community Hall in CHIKKA KODAGALI LT/ SEVALAL NAGAR Village, Property No.152/2 [SC]",2024-12-02,2025-02-18,500000.0,Work partially Completed,78.0,330715.8216851232,0.5118720279311385,-0.10585664319757611,0.04221591186841645
156406.0,Normal/Others,KARNATAKA,BAGALKOTE(DEPUTY COMMISSIONER BAGALKOT_IDA),Parvatagouda Chandanagouda Gaddigoudar,BAGALKOT,"Construction of Community Hall in BUDNI Village, Property No.192",2024-12-02,2025-03-10,500000.0,Work Completed,98.0,543910.4589315194,-0.080731043520985,-0.10585664319757611,0.04221591186841645
156407.0,Normal/Others,KARNATAKA,BAGALKOTE(DEPUTY COMMISSIONER BAGALKOT_IDA),Parvatagouda Chandanagouda Gaddigoudar,BAGALKOT,"Construction of Community Hall in KANNOLLI Village, Property No.505",2024-12-02,2025-03-10,500000.0,Work Completed,98.0,524051.15904108045,-0.04589467769728771,-0.10585664319757611,0.04221591186841645
156408.0,Normal/Others,KARNATAKA,BAGALKOTE(DEPUTY COMMISSIONER BAGALKOT_IDA),Parvatagouda Chandanagouda Gaddigoudar,BAGALKOT,"Construction of Community Hall in TAKKALAKI RC Village, Property No.84",2024-12-02,2025-01-21,500000.0,Work Completed,50.0,580728.8863626436,-0.1390130373370671,-0.10585664319757611,0.04221591186841645
156409.0,Normal/Others,KARNATAKA,BAGALKOTE(DEPUTY COMMISSIONER BAGALKOT_IDA),Parvatagouda Chandanagouda Gaddigoudar,BAGALKOT,"Construction of Community Hall in TOLAMATTI Village, Property No.757",2024-12-02,2025-01-21,498687.0,Physical Inspection,50.0,487692.11878566636,0.022544717847215675,-0.10585664319757611,0.04221591186841645
156410.0,Normal/Others,KARNATAKA,BAGALKOTE(DEPUTY COMMISSIONER BAGALKOT_IDA),Parvatagouda Chandanagouda Gaddigoudar,BAGALKOT,Construction of BUS SHELTER in BAGALKOTE  old town (Near Bagalkote Jimkhana),2024-12-02,2025-08-08,300000.0,Work Completed,249.0,1040436.73115516,-0.7116595454421139,-0.10585664319757611,0.04221591186841645
156772.0,Normal/Others,KARNATAKA,BENGALURU URBAN(DEPUTY COMMISSIONER BANGALORE URBAN_IDA),Shri LS Tejasvi Surya,BANGALORE SOUTH,"Construction of Unique Science Park (inclusive of Electrical & Civil Works) under the Science City project that aims to enhance Bengaluru’s safety awareness, education, cleanliness, and economic vitality at Dhanvanthari Park, 2nd Phase, JP Nagar, Bengaluru - 560078",2024-12-07,2025-12-20,5490893.0,Physical Inspection,378.0,305032.74081528716,17.000995517150123,0.08278774295599381,0.15677970483681702
156854.0,Normal/Others,KARNATAKA,CHIKKABALLAPURA(DEPUTY COMMISSIONER CHICKKABALLAPUR_IDA),DR.K.SUDHAKAR,CHIKBALLAPUR,"Construction of community hall, kitchen room Anakanur Pattrenhalli GP",2024-12-12,2025-05-07,500000.0,Work partially Completed,146.0,317212.04498388397,0.5762327058715649,0.49399039974980147,0.4065032031159126
156857.0,Normal/Others,KARNATAKA,CHIKKABALLAPURA(DEPUTY COMMISSIONER CHICKKABALLAPUR_IDA),DR.K.SUDHAKAR,CHIKBALLAPUR,Construction of press club association building Chikkaballpur,2024-12-12,2025-08-13,1000000.0,Work Completed,244.0,553332.5131741295,0.8072315943692028,0.49399039974980147,0.4065032031159126
156863.0,Normal/Others,KARNATAKA,CHIKKABALLAPURA(DEPUTY COMMISSIONER CHICKKABALLAPUR_IDA),DR.K.SUDHAKAR,CHIKBALLAPUR,Construction of public toilets at APMC market ward No 18 Chikkaballapur,2024-12-12,2025-05-07,1000000.0,Vendor Identification,146.0,628120.1623354963,0.5920520625890567,0.49399039974980147,0.4065032031159126
156866.0,Normal/Others,KARNATAKA,CHIKKABALLAPURA(DEPUTY COMMISSIONER CHICKKABALLAPUR_IDA),DR.K.SUDHAKAR,CHIKBALLAPUR,Installing Community drinking water plant at Payoor village Mandikal GP Chikkaballapur (T),2024-12-12,2025-05-07,800000.0,Vendor Identification,146.0,261599.23105829174,2.0581129644900877,0.49399039974980147,0.4065032031159126
156867.0,Normal/Others,KARNATAKA,CHIKKABALLAPURA(DEPUTY COMMISSIONER CHICKKABALLAPUR_IDA),DR.K.SUDHAKAR,CHIKBALLAPUR,Installing Community drinking water plant at Chikkaballapur Muddenahalli GP Bachhahalli.,2024-12-12,2025-05-07,800000.0,Vendor Identification,146.0,504030.756261076,0.5872047292003326,0.49399039974980147,0.4065032031159126
156868.0,Normal/Others,KARNATAKA,CHIKKABALLAPURA(DEPUTY COMMISSIONER CHICKKABALLAPUR_IDA),DR.K.SUDHAKAR,CHIKBALLAPUR,Construction of bus-sheds at Chikkaballapur(T) Near MDR Road Gulur GP,2024-12-12,2025-05-07,1000000.0,Vendor Identification,146.0,464157.8534236481,1.1544394705894934,0.49399039974980147,0.4065032031159126
156870.0,Normal/Others,KARNATAKA,CHIKKABALLAPURA(DEPUTY COMMISSIONER CHICKKABALLAPUR_IDA),DR.K.SUDHAKAR,CHIKBALLAPUR,"Construction of bus-sheds at Chikkaballapur beechaganahalli GP,beechaganahalli cross.",2024-12-12,2025-05-07,1000000.0,Vendor Identification,146.0,1084878.388825478,-0.07823769898981021,0.49399039974980147,0.4065032031159126
156921.0,Normal/Others,KARNATAKA,KOLAR(DEPUTY COMMISSIONER KOLAR_IDA),M. MALLESH BABU,KOLAR(SC),Construction of CC road at Kurubarahalli Village of Dodda Hasala GP.,2024-12-10,2025-05-08,495000.0,Work partially Completed,149.0,504515.7179135377,-0.018861093075336986,-0.2829543059135973,-0.0653355524516997
156922.0,Normal/Others,KARNATAKA,KOLAR(DEPUTY COMMISSIONER KOLAR_IDA),M. MALLESH BABU,KOLAR(SC),Construction of CC road at Ammanallur Village of Ammanallur GP.,2024-12-10,2025-05-08,495000.0,Work partially Completed,149.0,305955.38986471016,0.6178829214902314,-0.2829543059135973,-0.0653355524516997
156923.0,Normal/Others,KARNATAKA,KOLAR(DEPUTY COMMISSIONER KOLAR_IDA),M. MALLESH BABU,KOLAR(SC),Construction of CC road at Ramapura Village of Ammanallur GP.,2024-12-10,2025-05-08,495000.0,Work partially Completed,149.0,257345.62743428486,0.9234832351150087,-0.2829543059135973,-0.0653355524516997
156924.0,Normal/Others,KARNATAKA,KOLAR(DEPUTY COMMISSIONER KOLAR_IDA),M. MALLESH BABU,KOLAR(SC),Construction of CC road at Mangasandra Village of Arabi Kothanur GP.,2024-12-10,2025-05-08,495000.0,Work partially Completed,149.0,280539.0497615565,0.7644602433091724,-0.2829543059135973,-0.0653355524516997
156925.0,Normal/Others,KARNATAKA,KOLAR(DEPUTY COMMISSIONER KOLAR_IDA),M. MALLESH BABU,KOLAR(SC),Establishment of Hi-Mast Light in SC Colony at Chanjimale Village of Seethi GP.,2024-12-10,2025-03-18,495000.0,Work partially Completed,98.0,582601.909577016,-0.15036323797945883,-0.2829543059135973,-0.0653355524516997
156926.0,Normal/Others,KARNATAKA,KOLAR(DEPUTY COMMISSIONER KOLAR_IDA),M. MALLESH BABU,KOLAR(SC),Construction of CC road from Dobi Narayanappa's house to Sri Thimmarayaswamy Temple at Kolathammanahalli Village of Begli Hosahalli GP.,2024-12-10,2025-03-18,495000.0,Work partially Completed,98.0,885632.6612798347,-0.441077523852077,-0.2829543059135973,-0.0653355524516997
156927.0,Normal/Others,KARNATAKA,KOLAR(DEPUTY COMMISSIONER KOLAR_IDA),M. MALLESH BABU,KOLAR(SC),Establishment of Hi-Mast Light nearby Maremma Temple at Ammerahalli Village of Kondarajanahalli GP.,2024-12-10,2025-03-18,495000.0,Work partially Completed,98.0,583975.2010916239,-0.152361266240934,-0.2829543059135973,-0.0653355524516997
156928.0,Normal/Others,KARNATAKA,KOLAR(DEPUTY COMMISSIONER KOLAR_IDA),M. MALLESH BABU,KOLAR(SC),Construction of CC road at from Guttahalli Venkateshappa's house to Subbanna's house and Maremma Temple to Puttamma's house at Begli Hosahalli Village of Begli Hosahalli GP.,2024-12-10,2025-03-18,495000.0,Work partially Completed,98.0,307676.7736139695,0.6088312230583187,-0.2829543059135973,-0.0653355524516997
156929.0,Normal/Others,KARNATAKA,KOLAR(DEPUTY COMMISSIONER KOLAR_IDA),M. MALLESH BABU,KOLAR(SC),Establishment of Hi-Mast Light nearby RO Water Plant at Singondahalli Village of Begli Hosahalli GP.,2024-12-10,2025-03-18,495000.0,Work partially Completed,98.0,484688.30706665,0.02127489519142044,-0.2829543059135973,-0.0653355524516997
156993.0,Normal/Others,KARNATAKA,KOLAR(DEPUTY COMMISSIONER KOLAR_IDA),M. MALLESH BABU,KOLAR(SC),"Construction of CC Road from Govindappa's house to Renukappa,s house at Bellavi Village of Thornahalli GP",2024-12-10,2025-07-29,495000.0,Work partially Completed,231.0,283849.75721893326,0.7438803007966168,-0.2829543059135973,-0.0653355524516997
156994.0,Normal/Others,KARNATAKA,KOLAR(DEPUTY COMMISSIONER KOLAR_IDA),M. MALLESH BABU,KOLAR(SC),Construction of CC Road in SC Colony at Bitnahalli Village of Masthi GP,2024-12-10,2025-07-29,495000.0,Work partially Completed,231.0,283837.5972349372,0.7439550109715737,-0.2829543059135973,-0.0653355524516997
156995.0,Normal/Others,KARNATAKA,KOLAR(DEPUTY COMMISSIONER KOLAR_IDA),M. MALLESH BABU,KOLAR(SC),Construction of CC Road from Anandachari's house to SC Colony at Sorakayalahalli Village of Dinnahalli GP,2024-12-10,2025-07-29,495000.0,Work partially Completed,231.0,435374.3709273944,0.1369525471735889,-0.2829543059135973,-0.0653355524516997
156996.0,Normal/Others,KARNATAKA,KOLAR(DEPUTY COMMISSIONER KOLAR_IDA),M. MALLESH BABU,KOLAR(SC),Construction of CC Road from Panamakanahalli-Pudashettyhalli road to Saibaba temple at Panamakanahalli Village of Kondashettyhalli GP,2024-12-10,2025-07-29,200000.0,Work partially Completed,231.0,299331.7482409956,-0.33184501418480483,-0.2829543059135973,-0.0653355524516997
156997.0,Normal/Others,KARNATAKA,KOLAR(DEPUTY COMMISSIONER KOLAR_IDA),M. MALLESH BABU,KOLAR(SC),Development of Ballahalli's Busstop road at Ballahalli Village of Tekal GP,2024-12-10,2025-12-18,495000.0,Work partially Completed,373.0,332570.51631436095,0.4884061446147656,-0.2829543059135973,-0.0653355524516997
156998.0,Normal/Others,KARNATAKA,KOLAR(DEPUTY COMMISSIONER KOLAR_IDA),M. MALLESH BABU,KOLAR(SC),Development of Adikarahatti-Huladenahalli road,2024-12-10,2025-07-29,300000.0,Work partially Completed,231.0,450915.43887550215,-0.33468678573494115,-0.2829543059135973,-0.0653355524516997
156999.0,Normal/Others,KARNATAKA,KOLAR(DEPUTY COMMISSIONER KOLAR_IDA),M. MALLESH BABU,KOLAR(SC),Construction of CC Road nearby Kodur Busstop at Kodur Village of Lakkur GP,2024-12-10,2025-07-29,300000.0,Work partially Completed,231.0,320970.8048561428,-0.0653355524516997,-0.2829543059135973,-0.0653355524516997
157000.0,Normal/Others,KARNATAKA,KOLAR(DEPUTY COMMISSIONER KOLAR_IDA),M. MALLESH BABU,KOLAR(SC),Development of Huladenahalli Main road to Doddamalle Village road.,2024-12-10,2025-07-29,200000.0,Work partially Completed,231.0,216083.81992994106,-0.07443324509514769,-0.2829543059135973,-0.0653355524516997
157001.0,Normal/Others,KARNATAKA,KOLAR(DEPUTY COMMISSIONER KOLAR_IDA),M. MALLESH BABU,KOLAR(SC),Road development from Tekal to Kolar main road to Boothamannabetta of K.G.Halli GP,2024-12-10,2025-07-29,200000.0,Work partially Completed,231.0,454302.96806379926,-0.559765147799093,-0.2829543059135973,-0.0653355524516997
157002.0,Normal/Others,KARNATAKA,KOLAR(DEPUTY COMMISSIONER KOLAR_IDA),M. MALLESH BABU,KOLAR(SC),Construction of CC Road nearby Government Primary School at Devarahalli Village of Nutave GP,2024-12-10,2025-07-29,300000.0,Work partially Completed,231.0,523448.35426902917,-0.42687755620335116,-0.2829543059135973,-0.0653355524516997
157003.0,Normal/Others,KARNATAKA,KOLAR(DEPUTY COMMISSIONER KOLAR_IDA),M. MALLESH BABU,KOLAR(SC),Chickamale tankbed road development at Chickamale village of Huladenahalli GP,2024-12-10,2025-07-29,300000.0,Work partially Completed,231.0,287039.4226902176,0.04515260373753561,-0.2829543059135973,-0.0653355524516997
157004.0,Normal/Others,KARNATAKA,KOLAR(DEPUTY COMMISSIONER KOLAR_IDA),M. MALLESH BABU,KOLAR(SC),Construction of retaining wall to the drain at Chavaramangala village of Trunsi GP,2024-12-10,2025-07-29,300000.0,Sanction,231.0,479367.35113777086,-0.37417515129481654,-0.2829543059135973,-0.0653355524516997
157201.0,Normal/Others,KARNATAKA,CHIKKABALLAPURA(DEPUTY COMMISSIONER CHICKKABALLAPUR_IDA),DR.K.SUDHAKAR,CHIKBALLAPUR,Installing community drinking water plants at inside the APMC Market Chikkaballapur,2024-12-12,2025-05-07,800000.0,Vendor Identification,146.0,539107.4440157802,0.48393424887782327,0.49399039974980147,0.4065032031159126
157203.0,Normal/Others,KARNATAKA,CHIKKABALLAPURA(DEPUTY COMMISSIONER CHICKKABALLAPUR_IDA),DR.K.SUDHAKAR,CHIKBALLAPUR,Construction of bus-sheds at Bagepalli-Chelur road Laghumuddenapalli Cross Yellampalli GP,2024-12-12,2025-05-07,1000000.0,Vendor Identification,146.0,311347.4668554774,2.2118456273298803,0.49399039974980147,0.4065032031159126
157205.0,Normal/Others,KARNATAKA,BENGALURU URBAN(DEPUTY COMMISSIONER BANGALORE URBAN_IDA),DR.K.SUDHAKAR,CHIKBALLAPUR,Kodagi Tirumalapura  Construction of Government higher education school rooms at Hurali Chikkanahalli GP,2024-12-12,2025-07-10,500000.0,Sanction,210.0,929943.4574282961,-0.4623329020640453,0.08278774295599381,0.15677970483681702
157206.0,Normal/Others,KARNATAKA,BENGALURU URBAN(DEPUTY COMMISSIONER BANGALORE URBAN_IDA),DR.K.SUDHAKAR,CHIKBALLAPUR,Strishakthi Bhavana Construction of community centers at Bangalore North Kadabagere GP,2024-12-12,2025-04-04,499365.0,Physical Inspection,113.0,326445.2065846939,0.5297054143462917,0.08278774295599381,0.15677970483681702
157207.0,Normal/Others,KARNATAKA,BENGALURU URBAN(DEPUTY COMMISSIONER BANGALORE URBAN_IDA),DR.K.SUDHAKAR,CHIKBALLAPUR,Construction of rooms and facilities for hospitals  at kadabagere health center Bangalore North Kadabagere GP,2024-12-12,2025-04-04,499365.0,Physical Inspection,113.0,510305.6967362373,-0.021439495592956832,0.08278774295599381,0.15677970483681702
157208.0,Normal/Others,KARNATAKA,BENGALURU URBAN(DEPUTY COMMISSIONER BANGALORE URBAN_IDA),DR.K.SUDHAKAR,CHIKBALLAPUR,Construction of bus-sheds at Bangalore North Dasanapura GP Devannanapalya Grama.,2024-12-12,2026-07-02,1000000.0,Sanction,567.0,340476.6657318712,1.9370588373521902,0.08278774295599381,0.15677970483681702
157210.0,Normal/Others,KARNATAKA,BENGALURU URBAN(DEPUTY COMMISSIONER BANGALORE URBAN_IDA),DR.K.SUDHAKAR,CHIKBALLAPUR,Construction of boundary walls for Gopalapura school Bangalore North Gopalapura GP Yelahanka,2024-12-12,2025-07-10,500000.0,Sanction,210.0,917517.3139640008,-0.45505115555822884,0.08278774295599381,0.15677970483681702
157211.0,Normal/Others,KARNATAKA,BENGALURU URBAN(DEPUTY COMMISSIONER BANGALORE URBAN_IDA),DR.K.SUDHAKAR,CHIKBALLAPUR,Construction drainage slab at Hurali Chikkanahalli to Kodagi Tirumalapura Yelahanka Hurali Chikkanahalli GP,2024-12-12,2025-07-10,498466.0,Physical Inspection,210.0,863719.7313680776,-0.4228845516699482,0.08278774295599381,0.15677970483681702
157212.0,Trust and Society,KARNATAKA,BENGALURU URBAN(DEPUTY COMMISSIONER BANGALORE URBAN_IDA),DR.K.SUDHAKAR,CHIKBALLAPUR,Construction of community centers and community halls savitha Samaja Samudhaya Bhavana Contusion work Bangalore North,2024-12-12,2026-07-02,1000000.0,Sanction,567.0,361808.12311650766,1.763895932977671,0.08278774295599381,0.15677970483681702
157215.0,Normal/Others,KARNATAKA,BENGALURU RURAL(DEPUTY COMMISSIONER BANGALORE RURAL SBM URBAN),DR.K.SUDHAKAR,CHIKBALLAPUR,Installing community drinking water plants at Sripathi Halli grama Nelamangala (T) Honnenahalli GP,2024-12-12,2025-05-30,800000.0,Physical Inspection,169.0,303108.6889169941,1.6393172787569905,0.0,1.6393172787569905
157218.0,Normal/Others,KARNATAKA,Bengaluru South(DEPUTY COMMISSIONER RAMANAGARA_IDA),DR.K.SUDHAKAR,CHIKBALLAPUR,Installing community drinking water plants at Solur (H) Tuppadahalli grama Bittasandra GP,2024-12-12,2025-10-10,800000.0,Work partially Completed,302.0,505367.6523143137,0.5830059489095268,0.5198637499210003,0.42221609652796
157221.0,Normal/Others,KARNATAKA,BENGALURU RURAL(DEPUTY COMMISSIONER BANGALORE RURAL SBM URBAN),DR.K.SUDHAKAR,CHIKBALLAPUR,Construction of bus-sheds Arisinakuntte adarsha nagara maruthi circle ward no 31 Nelamangala,2024-12-12,2025-05-30,1000000.0,Vendor Identification,169.0,373226.6406513661,1.6793371401751243,0.0,1.6393172787569905
157224.0,Normal/Others,KARNATAKA,Bengaluru South(DEPUTY COMMISSIONER RAMANAGARA_IDA),DR.K.SUDHAKAR,CHIKBALLAPUR,Installing community drinking water plants at Mailanahalli Sulur (H) Banavadi GP,2024-12-12,2025-10-10,800000.0,Work partially Completed,302.0,473352.9288784393,0.6900708777603153,0.5198637499210003,0.42221609652796
157226.0,Normal/Others,KARNATAKA,BENGALURU RURAL(DEPUTY COMMISSIONER BANGALORE RURAL SBM URBAN),DR.K.SUDHAKAR,CHIKBALLAPUR,Installing community drinking water plants at Nelamangala(T) Kodigehalli (GP) Mavinakunte Grama,2024-12-12,2026-08-29,800000.0,Sanction,625.0,511550.95425512874,0.5638715817955672,0.0,1.6393172787569905
157231.0,Normal/Others,KARNATAKA,BENGALURU RURAL(DEPUTY COMMISSIONER BANGALORE RURAL SBM URBAN),DR.K.SUDHAKAR,CHIKBALLAPUR,Construction of bus-sheds at Sri Sairam Layout Basavanahalli ward no 22,2024-12-12,2025-05-30,500000.0,Physical Inspection,169.0,371274.4466570957,0.3467126663359991,0.0,1.6393172787569905
157234.0,Normal/Others,KARNATAKA,BENGALURU RURAL(DEPUTY COMMISSIONER BANGALORE RURAL SBM URBAN),DR.K.SUDHAKAR,CHIKBALLAPUR,Installing community drinking water plants Bettahalli Grama Giddappanahalli GP Hosakote (T),2024-12-12,2025-05-30,800000.0,Physical Inspection,169.0,293455.21924664825,1.726139961162532,0.0,1.6393172787569905
157236.0,Normal/Others,KARNATAKA,BENGALURU RURAL(DEPUTY COMMISSIONER BANGALORE RURAL SBM URBAN),DR.K.SUDHAKAR,CHIKBALLAPUR,"Installing community drinking water plants Valagerepura,Doddanallala GP Hosakote (T)",2024-12-12,2025-05-30,800000.0,Vendor Identification,169.0,321234.1108357993,1.4903955495838506,0.0,1.6393172787569905
157238.0,Normal/Others,KARNATAKA,BENGALURU RURAL(DEPUTY COMMISSIONER BANGALORE RURAL SBM URBAN),DR.K.SUDHAKAR,CHIKBALLAPUR,Construction of bus-sheds at Near Mailarapura Gate Doddanallala GP Hosakote (T),2024-12-12,2025-05-30,1000000.0,Vendor Identification,169.0,329226.6880983947,2.0374208293257614,0.0,1.6393172787569905
157242.0,Normal/Others,KARNATAKA,BENGALURU RURAL(DEPUTY COMMISSIONER BANGALORE RURAL SBM URBAN),DR.K.SUDHAKAR,CHIKBALLAPUR,Construction of bus-sheds at Tirumala shetty Samethanahalli GP Hosakote (T),2024-12-12,2025-05-30,1000000.0,Vendor Identification,169.0,368479.43168376014,1.7138556836958796,0.0,1.6393172787569905
157247.0,Normal/Others,KARNATAKA,BENGALURU RURAL(DEPUTY COMMISSIONER BANGALORE RURAL SBM URBAN),DR.K.SUDHAKAR,CHIKBALLAPUR,Construction of bus-sheds near Halasahalli Mugabala GP Hosakote (T),2024-12-12,2025-05-30,1000000.0,Physical Inspection,169.0,1005444.9257534146,-0.005415439089649351,0.0,1.6393172787569905
157305.0,Normal/Others,KARNATAKA,Bengaluru South(DEPUTY COMMISSIONER RAMANAGARA_IDA),DR C N MANJUNATH,BANGALORE RURAL,"Construction of C.C road & drainage system at Netenahalli Grama Panchayath, Parangichikkanapalya Village, Magadi Taluk, Ramanagara District, Karnataka State.",2024-12-07,2025-01-30,500000.0,Work partially Completed,54.0,337493.61767073406,0.481509497722741,0.5198637499210003,0.42221609652796
158193.0,Normal/Others,KARNATAKA,BENGALURU URBAN(DEPUTY COMMISSIONER BANGALORE URBAN_IDA),SHOBHA KARANDLAJE,BANGALORE NORTH,Construction of anganawadi building at chokkasandra ward No.39,2024-12-12,2025-06-21,2500000.0,Physical Inspection,191.0,556291.7175807649,3.494044978544982,0.08278774295599381,0.15677970483681702
158343.0,Normal/Others,KARNATAKA,BENGALURU URBAN(DEPUTY COMMISSIONER BANGALORE URBAN_IDA),SHOBHA KARANDLAJE,BANGALORE NORTH,"Construction of Bus Shelter (Type-A) at Shettihallii Ward No-12, Opp Sapthagiri Hospital",2024-12-12,2025-06-21,500000.0,Work partially Completed,191.0,1074681.0936218984,-0.5347456999407181,0.08278774295599381,0.15677970483681702
158344.0,Normal/Others,KARNATAKA,BENGALURU URBAN(DEPUTY COMMISSIONER BANGALORE URBAN_IDA),SHOBHA KARANDLAJE,BANGALORE NORTH,"Construction of Bus Shelter (Type-A) at  Bagalakunte Ward No- 14, Hesaraghatta Main Road, Near Krishna Bakery",2024-12-12,2025-06-21,500000.0,Work partially Completed,191.0,945177.5149318281,-0.4709988419095401,0.08278774295599381,0.15677970483681702
158345.0,Normal/Others,KARNATAKA,BENGALURU URBAN(DEPUTY COMMISSIONER BANGALORE URBAN_IDA),SHOBHA KARANDLAJE,BANGALORE NORTH,"Construction of Bus Shelter (Type-A) at  Bagalakunte Ward No- 14, Hesaraghatta Main Road, 8th Mile,",2024-12-12,2025-06-21,500000.0,Work partially Completed,191.0,965290.4252333314,-0.4820211752549609,0.08278774295599381,0.15677970483681702
158346.0,Normal/Others,KARNATAKA,BENGALURU URBAN(DEPUTY COMMISSIONER BANGALORE URBAN_IDA),SHOBHA KARANDLAJE,BANGALORE NORTH,"Construction of Bus Shelter (Type-A) at Chokkasandra Ward No-39, Near Park, Gruha Lakshmi Layout",2024-12-12,2025-06-21,500000.0,Work partially Completed,191.0,363492.89946342364,0.37554268800871676,0.08278774295599381,0.15677970483681702
158347.0,Normal/Others,KARNATAKA,BENGALURU URBAN(DEPUTY COMMISSIONER BANGALORE URBAN_IDA),SHOBHA KARANDLAJE,BANGALORE NORTH,Construction of Bus Shelter (Type-A) at Shettihalli Ward No- 12 Near BBMP Office Abbigere,2024-12-12,2025-06-21,500000.0,Work partially Completed,191.0,1077684.7391457555,-0.5360424233191488,0.08278774295599381,0.15677970483681702
158349.0,Normal/Others,KARNATAKA,BENGALURU URBAN(DEPUTY COMMISSIONER BANGALORE URBAN_IDA),SHOBHA KARANDLAJE,BANGALORE NORTH,"Foundation work for an additional building for the Government Higher Primary School at Kadu Malleshwara Ward No. 65, Maruthi Extension, Ramamohanapura",2024-12-12,2025-12-20,5000000.0,Physical Inspection,373.0,566966.5381493872,7.81886260222746,0.08278774295599381,0.15677970483681702
158354.0,Normal/Others,KARNATAKA,BENGALURU URBAN(DEPUTY COMMISSIONER BANGALORE URBAN_IDA),SHOBHA KARANDLAJE,BANGALORE NORTH,Construction of Bus Shelter(Type-A) at KR Puram Ward No-87(new ward no 25) Near Gubbi Cross,2024-12-12,2025-06-21,1300000.0,Physical Inspection,191.0,1026327.5720063145,0.2666521249728266,0.08278774295599381,0.15677970483681702
158355.0,Normal/Others,KARNATAKA,BENGALURU URBAN(DEPUTY COMMISSIONER BANGALORE URBAN_IDA),SHOBHA KARANDLAJE,BANGALORE NORTH,Construction of Bus Shelter (Type-A) at KR Puram Ward No-87 (new ward no 25) Near Vaddarapalya Signal or Junction,2024-12-12,2025-06-21,1200000.0,Physical Inspection,191.0,1058786.3491256582,0.1333731314074417,0.08278774295599381,0.15677970483681702
158356.0,Normal/Others,KARNATAKA,BENGALURU URBAN(DEPUTY COMMISSIONER BANGALORE URBAN_IDA),SHOBHA KARANDLAJE,BANGALORE NORTH,Construction of Bus Shelter(Type-A) at KR Puram Ward No-91(new ward no 52) Near KR Pura Traffic Police Station,2024-12-12,2025-06-21,1300000.0,Physical Inspection,191.0,1035090.9033380417,0.2559283400208221,0.08278774295599381,0.15677970483681702
158357.0,Normal/Others,KARNATAKA,BENGALURU URBAN(DEPUTY COMMISSIONER BANGALORE URBAN_IDA),SHOBHA KARANDLAJE,BANGALORE NORTH,Construction of Bus Shelter(Type-A) at KR Puram Ward No-91(new ward no 52) Near TC Palya Church,2024-12-12,2025-06-21,1200000.0,Physical Inspection,191.0,1044539.6874532851,0.1488314081447169,0.08278774295599381,0.15677970483681702
158359.0,Normal/Others,KARNATAKA,BENGALURU URBAN(DEPUTY COMMISSIONER BANGALORE URBAN_IDA),SHOBHA KARANDLAJE,BANGALORE NORTH,"Construction of Yoga Center at Pulakeshi Nagar Ward No-78 Stephens Road,Elephants Park",2024-12-12,2025-12-01,3000000.0,Work partially Completed,354.0,371879.278450708,7.06713407775326,0.08278774295599381,0.15677970483681702
158360.0,Normal/Others,KARNATAKA,BENGALURU URBAN(DEPUTY COMMISSIONER BANGALORE URBAN_IDA),SHOBHA KARANDLAJE,BANGALORE NORTH,Installing of RO Water Plant at Sagaya Puram Ward No-60 Near Sagaya Puram Park Bagalur Layout,2024-12-12,2026-07-21,2000000.0,Work partially Completed,586.0,271166.0791203365,6.37555378050236,0.08278774295599381,0.15677970483681702
158366.0,Normal/Others,KARNATAKA,BENGALURU URBAN(DEPUTY COMMISSIONER BANGALORE URBAN_IDA),SHOBHA KARANDLAJE,BANGALORE NORTH,Construction of CC Road at Ward no 49(new ward no 67) Kirloskar Foundry 2nd 3rd 4th 7th Cross,2024-12-12,2025-06-12,2924594.0,Physical Inspection,182.0,493279.9740018319,4.928872352699927,0.08278774295599381,0.15677970483681702
158367.0,Normal/Others,KARNATAKA,BENGALURU URBAN(DEPUTY COMMISSIONER BANGALORE URBAN_IDA),SHOBHA KARANDLAJE,BANGALORE NORTH,Improvements of Roads and Drains  of 8th Main Roads and  Cross Roads at Andanappa Layout in Ward No 53 (new ward no 102) Vrisabhavathi Nagar,2024-12-12,2025-06-12,1499917.0,Physical Inspection,182.0,453855.06805482757,2.3048369525286514,0.08278774295599381,0.15677970483681702
158368.0,Normal/Others,KARNATAKA,BENGALURU URBAN(DEPUTY COMMISSIONER BANGALORE URBAN_IDA),SHOBHA KARANDLAJE,BANGALORE NORTH,"Improvements  of Roads and Drains at  Vrisahbhavathi Nagar Ward No-53(new ward no 102), 10th Cross Road  and Cross Roads, Andanappa Layout",2024-12-12,2025-06-12,1499917.0,Physical Inspection,182.0,290681.0120639211,4.160010244047749,0.08278774295599381,0.15677970483681702
158394.0,Normal/Others,KARNATAKA,BENGALURU URBAN(DEPUTY COMMISSIONER BANGALORE URBAN_IDA),SHOBHA KARANDLAJE,BANGALORE NORTH,"Installation of New bore well with Motor, Pump and other spare parts at Ward No.08, Kodigehalli limits",2024-12-26,2025-04-07,600000.0,Physical Inspection,102.0,536106.2107017011,0.11918121451096285,0.08278774295599381,0.15677970483681702
158395.0,Normal/Others,KARNATAKA,BENGALURU URBAN(DEPUTY COMMISSIONER BANGALORE URBAN_IDA),SHOBHA KARANDLAJE,BANGALORE NORTH,"Installation of New bore well with Motor, Pump and other spare parts at Ward No.05, Kogilu area limits",2024-12-26,2025-04-07,600000.0,Physical Inspection,102.0,889404.8833624348,-0.32539160597851313,0.08278774295599381,0.15677970483681702
158400.0,Normal/Others,KARNATAKA,BENGALURU URBAN(DEPUTY COMMISSIONER BANGALORE URBAN_IDA),SHOBHA KARANDLAJE,BANGALORE NORTH,Construction of Gazebo for Senior Citizens at Amruthahalli limits - Ward No.07,2024-12-26,2025-04-07,1000000.0,Physical Inspection,102.0,864468.8317219972,0.15677970483681702,0.08278774295599381,0.15677970483681702
158401.0,Normal/Others,KARNATAKA,BENGALURU URBAN(DEPUTY COMMISSIONER BANGALORE URBAN_IDA),SHOBHA KARANDLAJE,BANGALORE NORTH,"Installation of RO Water Plant in Dodda Bommasandra limits - Ward No.10,",2024-12-26,2025-04-07,1500000.0,Work partially Completed,102.0,465361.57134197856,2.2233001011974416,0.08278774295599381,0.15677970483681702
158405.0,Normal/Others,KARNATAKA,BENGALURU URBAN(DEPUTY COMMISSIONER BANGALORE URBAN_IDA),SHOBHA KARANDLAJE,BANGALORE NORTH,"Installation of New bore well with Motor, Pump and other spare parts at Ward No.06, Thanisandra",2024-12-26,2025-04-07,600000.0,Work partially Completed,102.0,895086.878970455,-0.3296740080804997,0.08278774295599381,0.15677970483681702
158585.0,Repair and Renovation,KARNATAKA,DAKSHINA KANNADA(DEPUTY COMMISSIONER DAKSHIN KANNAD MANGALORE_IDA),CAPTAIN BRIJESH CHOWTA,DAKSHINA KANNADA,"Purchase of kabaddi mats for Kombettu Government Stadium, Puttur to encourage kabaddi sportsmen of Dakshina Kannada district.",2024-12-13,2025-01-28,430000.0,Physical Inspection,46.0,368692.9535331831,0.16628212142193588,0.0,0.16628212142193588
158586.0,Repair and Renovation,KARNATAKA,DAKSHINA KANNADA(DEPUTY COMMISSIONER DAKSHIN KANNAD MANGALORE_IDA),CAPTAIN BRIJESH CHOWTA,DAKSHINA KANNADA,Purchase of Kabaddi mats for Mangala Stadium in Mangalore to encourage Kabaddi athletes of Dakshina Kannada district.,2024-12-13,2025-01-28,430000.0,Physical Inspection,46.0,300993.36289833044,0.42860292951125784,0.0,0.16628212142193588
158587.0,Repair and Renovation,KARNATAKA,DAKSHINA KANNADA(DEPUTY COMMISSIONER DAKSHIN KANNAD MANGALORE_IDA),CAPTAIN BRIJESH CHOWTA,DAKSHINA KANNADA,Purchase of Kabaddi Mats for Sulya Taluk Stadium to encourage Kabaddi Sportsmen of Dakshina Kannada District,2024-12-13,2025-01-28,430000.0,Physical Inspection,46.0,376966.7635604366,0.14068411745021367,0.0,0.16628212142193588
158588.0,Repair and Renovation,KARNATAKA,DAKSHINA KANNADA(DEPUTY COMMISSIONER DAKSHIN KANNAD MANGALORE_IDA),CAPTAIN BRIJESH CHOWTA,DAKSHINA KANNADA,Purchase of Kabaddi Mats for Moodbidre Swaraj Maidan Stadium to encourage Kabaddi Sportsmen of Dakshina Kannada District,2024-12-13,2025-01-28,430000.0,Physical Inspection,46.0,396323.2750427372,0.08497286704554836,0.0,0.16628212142193588
158646.0,Repair and Renovation,KARNATAKA,DAKSHINA KANNADA(DEPUTY COMMISSIONER DAKSHIN KANNAD MANGALORE_IDA),CAPTAIN BRIJESH CHOWTA,DAKSHINA KANNADA,concreting work for the road leading to Harihareshwara temple in Harihara village of Sulya Taluk,2025-01-17,2025-03-27,500000.0,Work Completed,69.0,294208.83141363546,0.6994731177768,0.0,0.16628212142193588
159433.0,Normal/Others,KARNATAKA,SHIVAMOGGA(DEPUTY COMMISSIONER SHIMOGA_IDA),Shri B Y Raghavendra,SHIMOGA,Construction of Bus Shelter Opp GP Office at Nonaburu.,2024-12-26,2025-09-03,375000.0,Physical Inspection,251.0,1124588.9452708154,-0.6665448281552374,-0.3518953079802458,-0.10720344393174591
159439.0,Normal/Others,KARNATAKA,SHIVAMOGGA(DEPUTY COMMISSIONER SHIMOGA_IDA),Shri B Y Raghavendra,SHIMOGA,9mtr High Mast Light Near Aralikatte at Megaravalli Village .,2024-12-26,2025-09-03,192356.0,Physical Inspection,251.0,966687.1591637088,-0.801015252787252,-0.3518953079802458,-0.10720344393174591
159445.0,Normal/Others,KARNATAKA,SHIVAMOGGA(DEPUTY COMMISSIONER SHIMOGA_IDA),Shri B Y Raghavendra,SHIMOGA,9mtr High Mast Light at Ramakrishnapura Circle,2024-12-26,2025-08-26,194766.0,Physical Inspection,243.0,499230.181066333,-0.6098673369787286,-0.3518953079802458,-0.10720344393174591
159448.0,Normal/Others,KARNATAKA,SHIVAMOGGA(DEPUTY COMMISSIONER SHIMOGA_IDA),Shri B Y Raghavendra,SHIMOGA,11 meter High Mast Light at Devangi Circle,2024-12-26,2025-09-03,296699.0,Physical Inspection,251.0,503872.24780934554,-0.41116225136442813,-0.3518953079802458,-0.10720344393174591
159451.0,Normal/Others,KARNATAKA,SHIVAMOGGA(DEPUTY COMMISSIONER SHIMOGA_IDA),Shri B Y Raghavendra,SHIMOGA,9mtr High Mast Light at Ganapathi Katte Circle,2024-12-26,2025-09-03,193107.0,Physical Inspection,251.0,497509.8393431809,-0.6118529027386826,-0.3518953079802458,-0.10720344393174591
159454.0,Normal/Others,KARNATAKA,SHIVAMOGGA(DEPUTY COMMISSIONER SHIMOGA_IDA),Shri B Y Raghavendra,SHIMOGA,9mtr High Mast Light at Marikamba Circle,2024-12-26,2025-08-26,192532.0,Physical Inspection,243.0,510049.0304124973,-0.6225225644595548,-0.3518953079802458,-0.10720344393174591
159457.0,Normal/Others,KARNATAKA,SHIVAMOGGA(DEPUTY COMMISSIONER SHIMOGA_IDA),Shri B Y Raghavendra,SHIMOGA,"Construction of Bus Shelter at Attigadde Village Near Bisilumane Circle,Kannangi GP. (SC)",2024-12-26,2025-09-03,360000.0,Physical Inspection,251.0,371636.3800406692,-0.03131119735747015,-0.3518953079802458,-0.10720344393174591
159461.0,Repair and Renovation,KARNATAKA,SHIVAMOGGA(DEPUTY COMMISSIONER SHIMOGA_IDA),Shri B Y Raghavendra,SHIMOGA,"Development work at GHPS, Inter Lock Tails and other works.",2024-12-26,2025-07-08,500000.0,Physical Inspection,194.0,584331.6135201213,-0.1443214975347511,-0.3518953079802458,-0.10720344393174591
159480.0,Repair and Renovation,KARNATAKA,SHIVAMOGGA(DEPUTY COMMISSIONER SHIMOGA_IDA),Shri B Y Raghavendra,SHIMOGA,Development work at Hosahalli Agrahara Village near Gamaka Bhavan to River Band Road (Inter lock Pavers),2024-12-26,2025-07-08,624000.0,Physical Inspection,194.0,501026.51613274537,0.245443065202308,-0.3518953079802458,-0.10720344393174591
159485.0,Repair and Renovation,KARNATAKA,SHIVAMOGGA(DEPUTY COMMISSIONER SHIMOGA_IDA),Shri B Y Raghavendra,SHIMOGA,Development of Road work at Harokana (SC) Colony.,2024-12-26,2026-01-03,500000.0,Vendor Identification,373.0,462616.5735780853,0.08080866219896626,-0.3518953079802458,-0.10720344393174591
159487.0,Repair and Renovation,KARNATAKA,SHIVAMOGGA(DEPUTY COMMISSIONER SHIMOGA_IDA),Shri B Y Raghavendra,SHIMOGA,Development of Road work at  (SC) Colony.,2024-12-26,2026-03-17,500000.0,Vendor Identification,446.0,337374.7542441733,0.482031461186712,-0.3518953079802458,-0.10720344393174591
159494.0,Repair and Renovation,KARNATAKA,SHIVAMOGGA(DEPUTY COMMISSIONER SHIMOGA_IDA),Shri B Y Raghavendra,SHIMOGA,Ongoing Work of Valmiki Community Hall (ST),2024-12-26,2025-08-06,336000.0,Physical Inspection,223.0,513398.5336782375,-0.34553767110955286,-0.3518953079802458,-0.10720344393174591
159604.0,Normal/Others,KARNATAKA,UTTARA KANNADA(DEPUTY COMMISSIONER UTTARKANNADA KARWAR_IDA),VISHWESHWAR HEGDE KAGERI,UTTARA KANNADA,Construction of Kashtriya Marath Samudayabhavan  at Gandhinagar  Ward no 12,2025-01-08,2025-06-25,800000.0,Work Completed,168.0,468226.9799033678,0.7085730518243591,1.011933702319698,0.721050327972744
159848.0,Normal/Others,KARNATAKA,BELAGAVI(DEPUTY COMMISSIONER BELGAUM_IDA),VISHWESHWAR HEGDE KAGERI,UTTARA KANNADA,Construction of Samudaya Bhavanay at near Mallikarjun Temple Amarpur Gram Kittur Belgum,2025-01-08,2026-04-16,500000.0,Work partially Completed,463.0,350612.580294153,0.4260754693414469,0.0,-0.14348938003822895
159855.0,Normal/Others,KARNATAKA,UTTARA KANNADA(DEPUTY COMMISSIONER UTTARKANNADA KARWAR_IDA),VISHWESHWAR HEGDE KAGERI,UTTARA KANNADA,Imrovements of Road at Huldevansara From Isloor Pura to Dodanalli Road,2025-01-08,2025-05-29,600000.0,Work Completed,141.0,493110.69689781714,0.21676533032973844,1.011933702319698,0.721050327972744
159856.0,Normal/Others,KARNATAKA,UTTARA KANNADA(DEPUTY COMMISSIONER UTTARKANNADA KARWAR_IDA),VISHWESHWAR HEGDE KAGERI,UTTARA KANNADA,Improvements to Road on Gonagatta Tank Bund C C road in Bankanal Panchayath,2025-01-08,2025-05-29,600000.0,Work Completed,141.0,276948.728467439,1.1664659856726596,1.011933702319698,0.721050327972744
159909.0,Normal/Others,KARNATAKA,UDUPI(DEPUTY COMMISSIONER UDUPI_IDA),Shri B Y Raghavendra,SHIMOGA,"Development of Jantrabagilu Road, Hosadu Village, Kundapur Taluk, Bindur Assembly Constituency. (SC)",2024-12-26,2025-03-17,350000.0,Work partially Completed,81.0,318696.2465684013,0.09822441829380013,-0.10206747347270242,0.0445170757924209
159911.0,Normal/Others,KARNATAKA,UDUPI(DEPUTY COMMISSIONER UDUPI_IDA),Shri B Y Raghavendra,SHIMOGA,"Development of Road from Chandu Home to Vinod Home in Gangolli Village of Kundapur Taluk, Byndur Assembly Constituency. (SC)",2024-12-26,2025-03-17,400000.0,Work Completed,81.0,268408.9046243171,0.49026352370785375,-0.10206747347270242,0.0445170757924209
159916.0,Normal/Others,KARNATAKA,UDUPI(DEPUTY COMMISSIONER UDUPI_IDA),Shri B Y Raghavendra,SHIMOGA,"Development of Road From Hanchinakatte to Hebli at Machhattu Village of Kundapur Taluk, Byndur Assembly Constituency.",2024-12-26,2025-03-17,450000.0,Physical Inspection,81.0,225706.3880610776,0.9937406462692899,-0.10206747347270242,0.0445170757924209
159917.0,Normal/Others,KARNATAKA,KODAGU(Deputy Commsioner Kodagu_ida),YADUVEER KRISHNADATTA CHAMARAJA WADIYAR,MYSORE,Construction of Dasoha BHavan,2024-12-21,2025-10-10,500000.0,Work partially Completed,293.0,915231.1796647572,-0.45368994073918406,0.0,0.07906504092295741
159919.0,Normal/Others,KARNATAKA,UDUPI(DEPUTY COMMISSIONER UDUPI_IDA),Shri B Y Raghavendra,SHIMOGA,"Development of Nanjeri Road to Keradi Main Road in Chittoor Village of Kundapur Taluk, Byndur Assembly Constituency.",2024-12-26,2025-06-21,427352.0,Physical Inspection,177.0,235394.97501494453,0.8154678109542002,-0.10206747347270242,0.0445170757924209
159922.0,Normal/Others,KARNATAKA,UDUPI(DEPUTY COMMISSIONER UDUPI_IDA),Shri B Y Raghavendra,SHIMOGA,"Development of Valtur Deivada Home Road, Kavradi Village, Kundapur Taluk, Byndur Assembly Constituency",2024-12-26,2025-03-17,450000.0,Work Completed,81.0,481271.87793388875,-0.06497757165479863,-0.10206747347270242,0.0445170757924209
159945.0,Normal/Others,KARNATAKA,UDUPI(DEPUTY COMMISSIONER UDUPI_IDA),Shri B Y Raghavendra,SHIMOGA,"Development of Road Ansadi to Nujinbailu Road of Ullur-74 Village, Kundapur Taluk, Byndur Assembly Constituency.",2024-12-26,2025-03-17,400000.0,Work partially Completed,81.0,494737.8387052513,-0.19149099036609774,-0.10206747347270242,0.0445170757924209
159948.0,Normal/Others,KARNATAKA,UDUPI(DEPUTY COMMISSIONER UDUPI_IDA),Shri B Y Raghavendra,SHIMOGA,Development of Road leading to Makki Temple in Bijur Village of Byndur Taluk,2024-12-26,2025-03-17,400000.0,Work partially Completed,81.0,453486.56786575174,-0.1179452086474713,-0.10206747347270242,0.0445170757924209
159963.0,Normal/Others,KARNATAKA,UDUPI(DEPUTY COMMISSIONER UDUPI_IDA),Shri B Y Raghavendra,SHIMOGA,Development of  connecting road from Dayanand's House to  Government Degree College at Byndoor Patna Panchayat,2024-12-26,2025-03-17,450000.0,Work partially Completed,81.0,504470.86606923473,-0.10797623754502213,-0.10206747347270242,0.0445170757924209
159964.0,Normal/Others,KARNATAKA,UDUPI(DEPUTY COMMISSIONER UDUPI_IDA),Shri B Y Raghavendra,SHIMOGA,"Construction of Public bus shelter in Chittoor village of Kundapur taluk, Byndur assembly constituency",2024-12-26,2025-03-17,350000.0,Work Completed,81.0,987420.7637303675,-0.6455411787395089,-0.10206747347270242,0.0445170757924209
159965.0,Repair and Renovation,KARNATAKA,UDUPI(DEPUTY COMMISSIONER UDUPI_IDA),Shri B Y Raghavendra,SHIMOGA,Construction of Room in Govt Higher Primary School at Yaljita village of Byndur taluk,2024-12-26,2026-05-21,500000.0,Vendor Identification,511.0,449537.84829839057,0.11225339955828163,-0.10206747347270242,0.0445170757924209
159985.0,Normal/Others,KARNATAKA,KODAGU(Deputy Commsioner Kodagu_ida),YADUVEER KRISHNADATTA CHAMARAJA WADIYAR,MYSORE,Construction of Road from the house of Gopalaswamy to Give Vaasantha house.,2024-12-21,2025-10-10,500000.0,Work partially Completed,293.0,252502.52990324705,0.9801781795675001,0.0,0.07906504092295741
159987.0,Normal/Others,KARNATAKA,KODAGU(Deputy Commsioner Kodagu_ida),YADUVEER KRISHNADATTA CHAMARAJA WADIYAR,MYSORE,Continuation work of Garvale Kodavasamaja.,2024-12-21,2025-10-10,500000.0,Work partially Completed,293.0,463364.0985832834,0.07906504092295741,0.0,0.07906504092295741
159988.0,Normal/Others,KARNATAKA,KODAGU(Deputy Commsioner Kodagu_ida),YADUVEER KRISHNADATTA CHAMARAJA WADIYAR,MYSORE,Continuation work of Basaveshwara Community Hall,2024-12-21,2026-01-14,500000.0,Work partially Completed,389.0,286322.3477035748,0.7462835297705872,0.0,0.07906504092295741
159989.0,Normal/Others,KARNATAKA,SHIVAMOGGA(DEPUTY COMMISSIONER SHIMOGA_IDA),Shri B Y Raghavendra,SHIMOGA,Construction of Girijana Upayogada Sabhavana at Mattimane (ST),2024-12-26,2025-09-03,500000.0,Physical Inspection,251.0,301912.6449249307,0.656108177000413,-0.3518953079802458,-0.10720344393174591
159990.0,Normal/Others,KARNATAKA,SHIVAMOGGA(DEPUTY COMMISSIONER SHIMOGA_IDA),Shri B Y Raghavendra,SHIMOGA,Construction of library building at Purappemane village,2024-12-26,2025-07-08,500000.0,Physical Inspection,194.0,707974.5493086121,-0.29375992330757394,-0.3518953079802458,-0.10720344393174591
159991.0,Normal/Others,KARNATAKA,SHIVAMOGGA(DEPUTY COMMISSIONER SHIMOGA_IDA),Shri B Y Raghavendra,SHIMOGA,"Construction of footbridge to ""Daga Guddhi"" Pit Sy No. 61/2 of Behalli village, Mumbaru GP.",2024-12-26,2026-01-03,500000.0,Vendor Identification,373.0,508224.1956460815,-0.01618221980877257,-0.3518953079802458,-0.10720344393174591
159992.0,Normal/Others,KARNATAKA,SHIVAMOGGA(DEPUTY COMMISSIONER SHIMOGA_IDA),Shri B Y Raghavendra,SHIMOGA,For road development in Jodukatte SC Colony of Sulugodu village. (SC),2024-12-26,2026-01-25,500000.0,Vendor Identification,395.0,279903.8033692538,0.7863279954806173,-0.3518953079802458,-0.10720344393174591
159993.0,Normal/Others,KARNATAKA,SHIVAMOGGA(DEPUTY COMMISSIONER SHIMOGA_IDA),Shri B Y Raghavendra,SHIMOGA,Development of road from Anganwadi to Pujari Jeddu road at Halebaniga village (ST),2024-12-26,2026-01-23,500000.0,Vendor Identification,393.0,239541.38263570785,1.0873220088254856,-0.3518953079802458,-0.10720344393174591
159994.0,Normal/Others,KARNATAKA,SHIVAMOGGA(DEPUTY COMMISSIONER SHIMOGA_IDA),Shri B Y Raghavendra,SHIMOGA,Development of ring road in Yalgallu village under Kodur Gram Panchayat of Hosanagar taluk,2024-12-26,2026-01-23,500000.0,Vendor Identification,393.0,466066.2618559454,0.07280882767382774,-0.3518953079802458,-0.10720344393174591
159995.0,Normal/Others,KARNATAKA,KODAGU(Deputy Commsioner Kodagu_ida),YADUVEER KRISHNADATTA CHAMARAJA WADIYAR,MYSORE,Further Construction of Bharathiya Sarvananika Bhavana.,2024-12-21,2026-06-19,400000.0,Sanction,545.0,409579.0478689042,-0.023387543671350593,0.0,0.07906504092295741
159997.0,Normal/Others,KARNATAKA,SHIVAMOGGA(DEPUTY COMMISSIONER SHIMOGA_IDA),Shri B Y Raghavendra,SHIMOGA,"Construction of Public Community Hall at Hosakoppa Village,  S.S. Bhog Gram Panchayat",2024-12-26,2025-07-08,500000.0,Physical Inspection,194.0,344058.44872727094,0.45324145315885317,-0.3518953079802458,-0.10720344393174591
159998.0,Normal/Others,KARNATAKA,SHIVAMOGGA(DEPUTY COMMISSIONER SHIMOGA_IDA),Shri B Y Raghavendra,SHIMOGA,"Development of road  From Bhatkal Main Road to Muppane ST Colony Road, Aralgodu GP (ST)",2024-12-26,2026-01-03,400000.0,Physical Inspection,373.0,451875.5344255957,-0.1148004936614628,-0.3518953079802458,-0.10720344393174591
159999.0,Normal/Others,KARNATAKA,SHIVAMOGGA(DEPUTY COMMISSIONER SHIMOGA_IDA),Shri B Y Raghavendra,SHIMOGA,"Development of Road at  Balagodu Village S.C. Colony, Nadakalasi GP (SC)",2024-12-26,2026-01-03,400000.0,Vendor Identification,373.0,312275.37909849046,0.2809207090061414,-0.3518953079802458,-0.10720344393174591
160000.0,Repair and Renovation,KARNATAKA,SHIVAMOGGA(DEPUTY COMMISSIONER SHIMOGA_IDA),Shri B Y Raghavendra,SHIMOGA,"Construction of Dining Hall at GHP School Kalmane, Kalmane GP",2024-12-26,2025-08-11,400000.0,Physical Inspection,228.0,442722.2588006205,-0.09649900801545293,-0.3518953079802458,-0.10720344393174591
160001.0,Normal/Others,KARNATAKA,SHIVAMOGGA(DEPUTY COMMISSIONER SHIMOGA_IDA),Shri B Y Raghavendra,SHIMOGA,"Construction of Public Community Hall in Ghantinakoppa Village, Yadehalli GP",2024-12-26,2025-07-08,500000.0,Physical Inspection,194.0,547675.8702285587,-0.0870512520638573,-0.3518953079802458,-0.10720344393174591
160002.0,Normal/Others,KARNATAKA,SHIVAMOGGA(DEPUTY COMMISSIONER SHIMOGA_IDA),Shri B Y Raghavendra,SHIMOGA,"Construction of Bus Stand at Jalligadde Ward No.7, Kargal Town Panchayat",2024-12-26,2025-07-08,375000.0,Physical Inspection,194.0,595267.8935673251,-0.3700315369728784,-0.3518953079802458,-0.10720344393174591
160003.0,Normal/Others,KARNATAKA,SHIVAMOGGA(DEPUTY COMMISSIONER SHIMOGA_IDA),Shri B Y Raghavendra,SHIMOGA,"Construction of compound for Anganwadi-2 in Shiravante village, Shiravante Gram Panchayat.",2024-12-26,2025-07-09,150000.0,Physical Inspection,195.0,514281.16873027995,-0.708330755391378,-0.3518953079802458,-0.10720344393174591
160005.0,Normal/Others,KARNATAKA,SHIVAMOGGA(DEPUTY COMMISSIONER SHIMOGA_IDA),Shri B Y Raghavendra,SHIMOGA,Construction of box drains and concrete roads for the side roads of Halegurupura in Ward No. 5 and construction of a culvert from Rukkamman's house to Kuppaswamy's house in Manjunatha Layout (Purale) Ward No.5,2024-12-26,2025-07-08,1920000.0,Physical Inspection,194.0,521362.00031361316,2.682661948598227,-0.3518953079802458,-0.10720344393174591
160006.0,Normal/Others,KARNATAKA,SHIVAMOGGA(DEPUTY COMMISSIONER SHIMOGA_IDA),Shri B Y Raghavendra,SHIMOGA,"Construction of box drains and concrete roads from the house of Shri Nagaraj, Corporation, to the house of Channappa Nagesh,  Indira Layout, Ward No. 2",2024-12-26,2025-07-08,1920000.0,Physical Inspection,194.0,323408.5362749084,4.936763519339928,-0.3518953079802458,-0.10720344393174591
160062.0,Normal/Others,KARNATAKA,CHIKKAMAGALURU(DEPUTY COMMISSIONER CHIKMAGALUR),KOTA SRINIVAS POOJARY,UDUPI CHIKMAGALUR,"Vinayakapura Berani road development work in Bilagadde village, Shanuvalli Grama Panchayat, Koppa Taluk, Chikmagalur district.",2024-12-19,2025-10-15,400000.0,Vendor Identification,300.0,303584.0788206774,0.31759215290164816,0.0,0.31759215290164816
160063.0,Normal/Others,KARNATAKA,CHIKKAMAGALURU(DEPUTY COMMISSIONER CHIKMAGALUR),KOTA SRINIVAS POOJARY,UDUPI CHIKMAGALUR,"Gandaghatta Road Development Work, Gandaghatta Village, Sringeri Taluk, Chikmagalur District.",2024-12-19,2025-05-31,400000.0,Vendor Identification,163.0,269200.98123625264,0.48587868499987835,0.0,0.31759215290164816
160064.0,Normal/Others,KARNATAKA,KOLAR(DEPUTY COMMISSIONER KOLAR_IDA),M. MALLESH BABU,KOLAR(SC),Construction of drain and road from Banahalli hill to Dodda Kere through SC Colony in Banahlli Village of Banahalli GP.,2025-01-07,2025-11-10,400000.0,Work partially Completed,307.0,364057.77672246925,0.09872670102287211,-0.2829543059135973,-0.0653355524516997
160065.0,Normal/Others,KARNATAKA,KOLAR(DEPUTY COMMISSIONER KOLAR_IDA),M. MALLESH BABU,KOLAR(SC),Construction of CC roadc and drain to burial grounds near Lakshman farms in Kshethranahalli Village of Banhalli GP.,2025-01-07,2025-11-10,300000.0,Sanction,307.0,526439.6898041097,-0.43013415247693204,-0.2829543059135973,-0.0653355524516997
160066.0,Normal/Others,KARNATAKA,KOLAR(DEPUTY COMMISSIONER KOLAR_IDA),M. MALLESH BABU,KOLAR(SC),Construction of CC road in SC colony at Nakkanahalli village of Kondashettyhalli GP.,2025-01-07,2025-12-19,200000.0,Sanction,346.0,282385.3243098639,-0.29174789628749176,-0.2829543059135973,-0.0653355524516997
160067.0,Normal/Others,KARNATAKA,KOLAR(DEPUTY COMMISSIONER KOLAR_IDA),M. MALLESH BABU,KOLAR(SC),Construction of gutter near Butteppa Manjus house in Nakkanahalli village of Kondashettyhalli GP.,2025-01-07,2025-12-19,100000.0,Sanction,346.0,547193.0400688924,-0.8172491375485882,-0.2829543059135973,-0.0653355524516997
160075.0,Normal/Others,KARNATAKA,SHIVAMOGGA(DEPUTY COMMISSIONER SHIMOGA_IDA),Shri B Y Raghavendra,SHIMOGA,Construction of Hi-tech toilet  at Scouts and Guide Bhawan in Shikaripura town.,2024-12-26,2025-11-03,500000.0,Physical Inspection,312.0,555312.6952260801,-0.09960639420202902,-0.3518953079802458,-0.10720344393174591
160076.0,Normal/Others,KARNATAKA,SHIVAMOGGA(DEPUTY COMMISSIONER SHIMOGA_IDA),Shri B Y Raghavendra,SHIMOGA,Road works from Churchugundi village to Sanyasikoppa Mattighatta from Channel Bridge to Morarji Residential School.,2024-12-26,2026-01-03,500000.0,Physical Inspection,373.0,446250.1015569013,0.12044792428186162,-0.3518953079802458,-0.10720344393174591
160077.0,Normal/Others,KARNATAKA,SHIVAMOGGA(DEPUTY COMMISSIONER SHIMOGA_IDA),Shri B Y Raghavendra,SHIMOGA,Construction of Bus Stand at Koratigere Gollarathanda Opp to Srikrishna Temple (SC),2024-12-26,2025-09-03,375000.0,Physical Inspection,251.0,296236.8521948128,0.26587896550220763,-0.3518953079802458,-0.10720344393174591
160101.0,Normal/Others,KARNATAKA,SHIVAMOGGA(DEPUTY COMMISSIONER SHIMOGA_IDA),Shri B Y Raghavendra,SHIMOGA,RO Drinking Water Unit for Government High School Haragi Village.,2024-12-26,2026-01-05,300000.0,Physical Inspection,375.0,886144.4645673177,-0.661454749202228,-0.3518953079802458,-0.10720344393174591
160121.0,Normal/Others,KARNATAKA,SHIVAMOGGA(DEPUTY COMMISSIONER SHIMOGA_IDA),Shri B Y Raghavendra,SHIMOGA,Development of road from Bedavatti village connect to Sorba - Shiralkoppa main road under Belavani GP,2024-12-26,2025-07-09,500000.0,Work partially Completed,195.0,225678.48537059032,1.2155412784649888,-0.3518953079802458,-0.10720344393174591
160122.0,Normal/Others,KARNATAKA,SHIVAMOGGA(DEPUTY COMMISSIONER SHIMOGA_IDA),Shri B Y Raghavendra,SHIMOGA,Development of box drain from Basavarajappa's house to Bangaramma's house in Jambehalli village under Gudavi GP (SC),2024-12-26,2025-07-09,500000.0,Work partially Completed,195.0,309233.1581417413,0.616902931770396,-0.3518953079802458,-0.10720344393174591
160123.0,Normal/Others,KARNATAKA,SHIVAMOGGA(DEPUTY COMMISSIONER SHIMOGA_IDA),Shri B Y Raghavendra,SHIMOGA,Widening of Tank Band Road and culvert repair (Jangamara Lake) of Udri Waddigere village under Udri GP,2024-12-26,2025-07-09,500000.0,Vendor Identification,195.0,542911.8999747434,-0.07904026413261463,-0.3518953079802458,-0.10720344393174591
160124.0,Normal/Others,KARNATAKA,SHIVAMOGGA(DEPUTY COMMISSIONER SHIMOGA_IDA),Shri B Y Raghavendra,SHIMOGA,Development of gravel road from Nagappa's house to Ravi (Doddekoppa's) house in Hurulikoppa village (ST),2024-12-26,2025-07-09,500000.0,Vendor Identification,195.0,244786.61730808744,1.0425953244441546,-0.3518953079802458,-0.10720344393174591
160125.0,Normal/Others,KARNATAKA,SHIVAMOGGA(DEPUTY COMMISSIONER SHIMOGA_IDA),Shri B Y Raghavendra,SHIMOGA,Sagara taluk Kanale for the ongoing work on the road above the Kulagunda lake in Mandgalale village.,2024-12-26,2025-07-09,500000.0,Work partially Completed,195.0,436982.94065319595,0.14420942669433967,-0.3518953079802458,-0.10720344393174591
160126.0,Normal/Others,KARNATAKA,SHIVAMOGGA(DEPUTY COMMISSIONER SHIMOGA_IDA),Shri B Y Raghavendra,SHIMOGA,Development of Road From Bennur village under Katuvalli GP of Soraba taluk Link road to Anavatti,2024-12-26,2025-07-08,500000.0,Vendor Identification,194.0,252407.35724795944,0.9809248250589264,-0.3518953079802458,-0.10720344393174591
160127.0,Normal/Others,KARNATAKA,SHIVAMOGGA(DEPUTY COMMISSIONER SHIMOGA_IDA),Shri B Y Raghavendra,SHIMOGA,Gravel road development up to SC Colony in Abase village under Mutuguppa GP - Sc,2024-12-26,2025-07-08,500000.0,Vendor Identification,194.0,497063.93434951024,0.005906816905418993,-0.3518953079802458,-0.10720344393174591
160128.0,Normal/Others,KARNATAKA,SHIVAMOGGA(DEPUTY COMMISSIONER SHIMOGA_IDA),Shri B Y Raghavendra,SHIMOGA,Concrete road development from Thamman Balegara's house to  Shivalingaiah Hiremath's house at Agasanahalli village,2024-12-26,2025-07-09,500000.0,Vendor Identification,195.0,464156.4009374509,0.07722310624211205,-0.3518953079802458,-0.10720344393174591
160154.0,Normal/Others,KARNATAKA,SHIVAMOGGA(DEPUTY COMMISSIONER SHIMOGA_IDA),Shri B Y Raghavendra,SHIMOGA,Development of  road leading from Rajappa Home (ST) to the farmer's farm in Ramanagara Village (ST),2024-12-26,2025-08-18,500000.0,Work partially Completed,235.0,282591.0732616835,0.7693410985314196,-0.3518953079802458,-0.10720344393174591
160155.0,Normal/Others,KARNATAKA,SHIVAMOGGA(DEPUTY COMMISSIONER SHIMOGA_IDA),Shri B Y Raghavendra,SHIMOGA,Development of road from Marigadige to Isakh saab house in Haranahalli village,2024-12-26,2025-08-18,500000.0,Physical Inspection,235.0,243668.93996110978,1.0519644402762263,-0.3518953079802458,-0.10720344393174591
160156.0,Normal/Others,KARNATAKA,SHIVAMOGGA(DEPUTY COMMISSIONER SHIMOGA_IDA),Shri B Y Raghavendra,SHIMOGA,Development of road from Maranamma temple to Sachin Kumar house in Hihole village under Agasavalli GP,2024-12-26,2025-08-18,500000.0,Physical Inspection,235.0,488680.56274395814,0.023163264756189253,-0.3518953079802458,-0.10720344393174591
160158.0,Normal/Others,KARNATAKA,SHIVAMOGGA(DEPUTY COMMISSIONER SHIMOGA_IDA),Shri B Y Raghavendra,SHIMOGA,A box drain from Govt H.P. School  to Bharatesh and Pradeep's house of Bidar Village,2024-12-26,2025-07-08,480000.0,Physical Inspection,194.0,592594.1237673187,-0.1900020929190459,-0.3518953079802458,-0.10720344393174591
160159.0,Normal/Others,KARNATAKA,SHIVAMOGGA(DEPUTY COMMISSIONER SHIMOGA_IDA),Shri B Y Raghavendra,SHIMOGA,Box drain and road development work from Ramesh Nayak house to Murugan house SC Colony B.Beeranahalli GP - SC,2024-12-26,2025-08-18,500000.0,Physical Inspection,235.0,536838.5669975107,-0.06862131236871725,-0.3518953079802458,-0.10720344393174591
160160.0,Normal/Others,KARNATAKA,SHIVAMOGGA(DEPUTY COMMISSIONER SHIMOGA_IDA),Shri B Y Raghavendra,SHIMOGA,Development of the road leading to Vaddaramatti in Haramaghatta village (SC),2024-12-26,2025-07-09,499318.0,Physical Inspection,195.0,236685.13110304956,1.1096297755290914,-0.3518953079802458,-0.10720344393174591
160198.0,Normal/Others,KARNATAKA,KOPPAL(DEPUTY COMMISSIONER KOPPAL_IDA),K. RAJASHEKAR BASAVARAJ HITNAL,KOPPAL,Construction of Community hall at Bhimanur village of Koppal assembely constituency under koppal parliamentary constituency.,2024-12-26,2025-02-25,496534.0,Physical Inspection,61.0,555410.2306295227,-0.10600494442241401,-0.25004013457858015,-0.045346766209835625
160206.0,Normal/Others,KARNATAKA,KOPPAL(DEPUTY COMMISSIONER KOPPAL_IDA),K. RAJASHEKAR BASAVARAJ HITNAL,KOPPAL,Construction of Community hall at Marali village of Gangavathi assembely constituency under koppal parliamentary constituency.,2024-12-26,2025-02-20,296331.0,Physical Inspection,56.0,522477.5867253874,-0.4328350009093296,-0.25004013457858015,-0.045346766209835625
160209.0,Normal/Others,KARNATAKA,KOPPAL(DEPUTY COMMISSIONER KOPPAL_IDA),K. RAJASHEKAR BASAVARAJ HITNAL,KOPPAL,Construction of Community hall at H Sompur village of Yelburga assembely constituency under koppal parliamentary constituency.,2024-12-26,2025-12-24,400000.0,Work partially Completed,363.0,508587.2651645258,-0.21350763694289174,-0.25004013457858015,-0.045346766209835625
160216.0,Normal/Others,KARNATAKA,KOPPAL(DEPUTY COMMISSIONER KOPPAL_IDA),K. RAJASHEKAR BASAVARAJ HITNAL,KOPPAL,Installation of solar street lights on the road from Koppal-Gadag road to Patan Masjid in Koppal city. [Ward no. 23],2024-12-26,2025-02-20,500000.0,Work Completed,56.0,555236.2623666865,-0.09948244758230076,-0.25004013457858015,-0.045346766209835625
160222.0,Normal/Others,KARNATAKA,KOPPAL(DEPUTY COMMISSIONER KOPPAL_IDA),K. RAJASHEKAR BASAVARAJ HITNAL,KOPPAL,Construction of C C Road from ningappa kuri house to sandyarani house at K.H.B Colony in Koppal city.(Ward No.11),2024-12-26,2025-05-09,497329.0,Physical Inspection,134.0,532783.0685317443,-0.06654503610531286,-0.25004013457858015,-0.045346766209835625
160223.0,Normal/Others,KARNATAKA,KOPPAL(DEPUTY COMMISSIONER KOPPAL_IDA),K. RAJASHEKAR BASAVARAJ HITNAL,KOPPAL,Construction of barrier in front of Netaji Subhas Chandra Bose School on Koppal Bahadurbandi Road of koppal city.(Ward No.03),2024-12-26,2025-02-24,497425.0,Physical Inspection,60.0,457874.72955490096,0.08637792804932863,-0.25004013457858015,-0.045346766209835625
160224.0,Normal/Others,KARNATAKA,KOPPAL(DEPUTY COMMISSIONER KOPPAL_IDA),K. RAJASHEKAR BASAVARAJ HITNAL,KOPPAL,Construction of toilet for Netaji Subhas Chandra Bose School on Koppal Bahadurbandi Road ward no  03,2024-12-26,2025-02-24,497456.0,Physical Inspection,60.0,521085.5443552002,-0.045346766209835625,-0.25004013457858015,-0.045346766209835625
160225.0,Normal/Others,KARNATAKA,KOPPAL(DEPUTY COMMISSIONER KOPPAL_IDA),K. RAJASHEKAR BASAVARAJ HITNAL,KOPPAL,Installation of Pavers from Swati kroshi house to Soodi house at K.H.B Colony of ward no.11 in Koppal city.(Ward No.11),2024-12-26,2025-05-09,497412.0,Physical Inspection,134.0,549227.004800198,-0.09434169177287208,-0.25004013457858015,-0.045346766209835625
160226.0,Normal/Others,KARNATAKA,KOPPAL(DEPUTY COMMISSIONER KOPPAL_IDA),K. RAJASHEKAR BASAVARAJ HITNAL,KOPPAL,"Installation of pavers in the premises of theboys post metric  hostel of backward classes situated in  Nayanatare layout of  in Kalyana Nagar, Kinnala Road, Koppal City.",2024-12-26,2025-02-24,497316.0,Physical Inspection,60.0,519132.83171487943,-0.04202552869332251,-0.25004013457858015,-0.045346766209835625
160362.0,Normal/Others,KARNATAKA,UTTARA KANNADA(DEPUTY COMMISSIONER UTTARKANNADA KARWAR_IDA),VISHWESHWAR HEGDE KAGERI,UTTARA KANNADA,Improvements of Cremination Ground (smashana) in Babravada Village in ankola taluka,2025-01-08,2025-06-16,600000.0,Work Completed,159.0,325005.37751015375,0.8461232998560306,1.011933702319698,0.721050327972744
160363.0,Normal/Others,KARNATAKA,UTTARA KANNADA(DEPUTY COMMISSIONER UTTARKANNADA KARWAR_IDA),VISHWESHWAR HEGDE KAGERI,UTTARA KANNADA,Construction of Hindu Komar Panth Shree vidhyavardaka Sanga Sabhavan in ankolatown Ward No 17,2025-01-08,2025-06-16,800000.0,Work Completed,159.0,370553.65904328297,1.1589315891940903,1.011933702319698,0.721050327972744
160364.0,Normal/Others,KARNATAKA,UTTARA KANNADA(DEPUTY COMMISSIONER UTTARKANNADA KARWAR_IDA),VISHWESHWAR HEGDE KAGERI,UTTARA KANNADA,Improvements of road from hosada cross to nerekodl in kallabbe gram panchayath  kumta taluka,2025-01-08,2025-06-17,600000.0,Work Completed,160.0,466699.9512861977,0.2856225897312292,1.011933702319698,0.721050327972744
160368.0,Normal/Others,KARNATAKA,UTTARA KANNADA(DEPUTY COMMISSIONER UTTARKANNADA KARWAR_IDA),VISHWESHWAR HEGDE KAGERI,UTTARA KANNADA,Construction of Samudaya Bhavan at Katgal near Shambulingeshwar Temple at Katgal,2025-01-08,2025-06-17,600000.0,Work Completed,160.0,445605.5425971715,0.34648235410842154,1.011933702319698,0.721050327972744
160369.0,Normal/Others,KARNATAKA,UTTARA KANNADA(DEPUTY COMMISSIONER UTTARKANNADA KARWAR_IDA),VISHWESHWAR HEGDE KAGERI,UTTARA KANNADA,improvements of road from Andagi grama Panchayata main road to patgar colony in Sirsi Taluka,2025-01-08,2025-05-29,600000.0,Work Completed,141.0,466727.82847595547,0.2855458007705027,1.011933702319698,0.721050327972744
160441.0,Normal/Others,KARNATAKA,UTTARA KANNADA(DEPUTY COMMISSIONER UTTARKANNADA KARWAR_IDA),VISHWESHWAR HEGDE KAGERI,UTTARA KANNADA,Improvements to Chandrani Cremination ground in Karki Panchayata,2025-01-08,2026-05-21,700000.0,Vendor Identification,498.0,403800.8961241139,0.7335276041211289,1.011933702319698,0.721050327972744
160443.0,Normal/Others,KARNATAKA,UTTARA KANNADA(DEPUTY COMMISSIONER UTTARKANNADA KARWAR_IDA),VISHWESHWAR HEGDE KAGERI,UTTARA KANNADA,improvements of road from Prabhath nagar Satish mesta house at Honnavar town ward no 13,2025-01-08,2025-06-17,775000.0,Work Completed,160.0,243887.66960232967,2.1776924239904134,1.011933702319698,0.721050327972744
160446.0,Normal/Others,KARNATAKA,UTTARA KANNADA(DEPUTY COMMISSIONER UTTARKANNADA KARWAR_IDA),VISHWESHWAR HEGDE KAGERI,UTTARA KANNADA,improvements to Kogila Bana Hindhu  Rudra Bhoomi Cremination Yard road at Kogila Bana in Shirda pachanyata,2025-01-08,2025-05-28,775000.0,Work Completed,140.0,350941.3970912421,1.2083459130884635,1.011933702319698,0.721050327972744
160449.0,Normal/Others,KARNATAKA,UTTARA KANNADA(DEPUTY COMMISSIONER UTTARKANNADA KARWAR_IDA),VISHWESHWAR HEGDE KAGERI,UTTARA KANNADA,Construction of C C Road and Drain from canara bank to Veternery Hospital road   at Nagara gram panchayath in Joyda taluka,2025-01-08,2025-05-29,800000.0,Work Completed,141.0,526670.5663097322,0.5189760946874792,1.011933702319698,0.721050327972744
160450.0,Normal/Others,KARNATAKA,UTTARA KANNADA(DEPUTY COMMISSIONER UTTARKANNADA KARWAR_IDA),VISHWESHWAR HEGDE KAGERI,UTTARA KANNADA,construction of compound wall to swami Vivekananda higher secondary school at Mavinkurva Panchayath,2025-01-08,2025-06-16,800000.0,Work Completed,159.0,514781.29566525744,0.5540580179125416,1.011933702319698,0.721050327972744
160466.0,Normal/Others,KARNATAKA,UTTARA KANNADA(DEPUTY COMMISSIONER UTTARKANNADA KARWAR_IDA),VISHWESHWAR HEGDE KAGERI,UTTARA KANNADA,improvements to Gowdara keri road at Antaravalli in Divgi panchayata,2025-01-08,2025-06-10,600000.0,Work Completed,153.0,281306.3668622329,1.1329058659160893,1.011933702319698,0.721050327972744
160468.0,Normal/Others,KARNATAKA,UTTARA KANNADA(DEPUTY COMMISSIONER UTTARKANNADA KARWAR_IDA),VISHWESHWAR HEGDE KAGERI,UTTARA KANNADA,improvements to road near Krishna Patagara house at Machheri village in Divgi grampanchayata,2025-01-08,2025-06-10,600000.0,Work Completed,153.0,481579.161267988,0.24590108596105448,1.011933702319698,0.721050327972744
160473.0,Normal/Others,KARNATAKA,UTTARA KANNADA(DEPUTY COMMISSIONER UTTARKANNADA KARWAR_IDA),VISHWESHWAR HEGDE KAGERI,UTTARA KANNADA,improvements to road providing RCC pipes from Gudgal to Mosalesal road in front of ( Venkataramana temple) at Kagal gram panchayata,2025-01-08,2025-06-17,600000.0,Work Completed,160.0,436575.51117704884,0.37433269764110977,1.011933702319698,0.721050327972744
160475.0,Normal/Others,KARNATAKA,UTTARA KANNADA(DEPUTY COMMISSIONER UTTARKANNADA KARWAR_IDA),VISHWESHWAR HEGDE KAGERI,UTTARA KANNADA,constuction of RCC drains from Nagesh kurdekar house to Brahmma kattee at ward no 18 in karwar town,2025-01-08,2025-06-16,800000.0,Work Completed,159.0,345863.5940694303,1.313050617982661,1.011933702319698,0.721050327972744
160478.0,Normal/Others,KARNATAKA,UTTARA KANNADA(DEPUTY COMMISSIONER UTTARKANNADA KARWAR_IDA),VISHWESHWAR HEGDE KAGERI,UTTARA KANNADA,construction of crematoriums shed at Tadasai grama panchayata in Karwar taluka,2025-01-08,2026-03-31,950000.0,Vendor Identification,447.0,357977.7593220427,1.6537961514680701,1.011933702319698,0.721050327972744
160480.0,Normal/Others,KARNATAKA,UTTARA KANNADA(DEPUTY COMMISSIONER UTTARKANNADA KARWAR_IDA),VISHWESHWAR HEGDE KAGERI,UTTARA KANNADA,Ashpalting to Suprasnna Nagara main road and construction of CC road in front of Ganapathi temple in Hutagara grama Panchayata,2025-01-08,2025-05-29,700000.0,Work Completed,141.0,826818.0400289726,-0.1533808333748121,1.011933702319698,0.721050327972744
160484.0,Normal/Others,KARNATAKA,UTTARA KANNADA(DEPUTY COMMISSIONER UTTARKANNADA KARWAR_IDA),VISHWESHWAR HEGDE KAGERI,UTTARA KANNADA,Providing roofing to Shri Nandikeshwara sabhabavana in Kallabbe gram panchayata Kumta Taluka,2025-01-08,2025-06-02,600000.0,Work Completed,145.0,582659.6584143478,0.029760669604005665,1.011933702319698,0.721050327972744
160496.0,Normal/Others,KARNATAKA,UTTARA KANNADA(DEPUTY COMMISSIONER UTTARKANNADA KARWAR_IDA),VISHWESHWAR HEGDE KAGERI,UTTARA KANNADA,improvements to Bramarambha Temple road Kundargi panchayata Yallapura Taluka,2025-01-08,2025-06-25,600000.0,Work Completed,168.0,402174.05686475267,0.4918913583771375,1.011933702319698,0.721050327972744
160510.0,Normal/Others,KARNATAKA,KODAGU(Deputy Commsioner Kodagu_ida),YADUVEER KRISHNADATTA CHAMARAJA WADIYAR,MYSORE,Continued work of Gonikoppa High School Auditorium.,2024-12-21,2026-01-14,400000.0,Work partially Completed,389.0,617158.9155176035,-0.3518687165613982,0.0,0.07906504092295741
160516.0,Normal/Others,KARNATAKA,KODAGU(Deputy Commsioner Kodagu_ida),YADUVEER KRISHNADATTA CHAMARAJA WADIYAR,MYSORE,Construction of Birunani village PAnchyathi building.,2024-12-21,2025-11-19,500000.0,Work partially Completed,333.0,422030.62546247774,0.18474814346015853,0.0,0.07906504092295741
160547.0,Normal/Others,KARNATAKA,KODAGU(Deputy Commsioner Kodagu_ida),YADUVEER KRISHNADATTA CHAMARAJA WADIYAR,MYSORE,Construction of Sastavu Community hall,2024-12-21,2026-02-12,400000.0,Work partially Completed,418.0,410778.25729358045,-0.026238626563618972,0.0,0.07906504092295741
160601.0,Normal/Others,KARNATAKA,KODAGU(Deputy Commsioner Kodagu_ida),YADUVEER KRISHNADATTA CHAMARAJA WADIYAR,MYSORE,Construction of Kendra Kodava Samaja.,2024-12-21,2026-05-13,500000.0,Work partially Completed,508.0,370115.8462959048,0.350928378246885,0.0,0.07906504092295741
160724.0,Normal/Others,KARNATAKA,UDUPI(DEPUTY COMMISSIONER UDUPI_IDA),KOTA SRINIVAS POOJARY,UDUPI CHIKMAGALUR,"Parnika Kharvi s/o Raghu Kharvi, Gangebailu, Koderi Post, Kundapur Taluk, Udupi District underwent cochlear implant implantation.",2024-12-21,2025-02-27,250000.0,Work Completed,68.0,573097.6755612422,-0.5637741860405006,-0.10206747347270242,0.0445170757924209
161224.0,Normal/Others,KARNATAKA,CHIKKABALLAPURA(DEPUTY COMMISSIONER CHICKKABALLAPUR_IDA),M. MALLESH BABU,KOLAR(SC),Construction of CC road from Kaiwara village to Nayindrahalli cross.,2025-01-07,2026-04-21,499000.0,Work partially Completed,469.0,451254.94732241106,0.10580505091609826,0.49399039974980147,0.4065032031159126
161225.0,Normal/Others,KARNATAKA,CHIKKABALLAPURA(DEPUTY COMMISSIONER CHICKKABALLAPUR_IDA),M. MALLESH BABU,KOLAR(SC),Construction of CC road from K.Venkateshappa house to E.Ashwathareddy house,2025-01-07,2025-08-13,499000.0,Work partially Completed,218.0,284118.30077830405,0.7563106587398851,0.49399039974980147,0.4065032031159126
161226.0,Normal/Others,KARNATAKA,CHIKKABALLAPURA(DEPUTY COMMISSIONER CHICKKABALLAPUR_IDA),M. MALLESH BABU,KOLAR(SC),Construction of CC road from Ramanji house to Ravannamma house.,2025-01-07,2026-04-21,250000.0,Work partially Completed,469.0,258197.8594637498,-0.0317502998699366,0.49399039974980147,0.4065032031159126
161227.0,Normal/Others,KARNATAKA,CHIKKABALLAPURA(DEPUTY COMMISSIONER CHICKKABALLAPUR_IDA),M. MALLESH BABU,KOLAR(SC),Construction of CC road from Narasimhamurthy house to Lakshmikanth house.,2025-01-07,2026-04-21,250000.0,Work partially Completed,469.0,293635.6247213879,-0.14860466866985564,0.49399039974980147,0.4065032031159126
161229.0,Normal/Others,KARNATAKA,CHIKKABALLAPURA(DEPUTY COMMISSIONER CHICKKABALLAPUR_IDA),M. MALLESH BABU,KOLAR(SC),Installation of Hi-Mast Light at Bommekallu Village.,2025-01-07,2025-05-07,499000.0,Work partially Completed,120.0,514293.2636264024,-0.029736464986078234,0.49399039974980147,0.4065032031159126
161230.0,Normal/Others,KARNATAKA,CHIKKABALLAPURA(DEPUTY COMMISSIONER CHICKKABALLAPUR_IDA),M. MALLESH BABU,KOLAR(SC),Construction of CC Road from Munireddy house to Shankar house.,2025-01-07,2026-07-29,499000.0,Work partially Completed,568.0,319034.7614567492,0.5640928835513375,0.49399039974980147,0.4065032031159126
161231.0,Normal/Others,KARNATAKA,CHIKKABALLAPURA(DEPUTY COMMISSIONER CHICKKABALLAPUR_IDA),M. MALLESH BABU,KOLAR(SC),Construction of CC road and drain from Dinnamindapalli Main road to Bovi Anjanappa Residence.,2025-01-07,2025-11-26,499000.0,Work partially Completed,323.0,448637.5754303481,0.11225636756204065,0.49399039974980147,0.4065032031159126
161237.0,Normal/Others,KARNATAKA,CHIKKABALLAPURA(DEPUTY COMMISSIONER CHICKKABALLAPUR_IDA),M. MALLESH BABU,KOLAR(SC),Construction of CC Road from Y.Kurupalli Majara Dinnamindhahalli Village main road to Shankarreddy house.,2025-01-07,2025-05-07,499000.0,Work Completed,120.0,264460.32169332035,0.8868615027197237,0.49399039974980147,0.4065032031159126
161239.0,Repair and Renovation,KARNATAKA,CHIKKABALLAPURA(DEPUTY COMMISSIONER CHICKKABALLAPUR_IDA),M. MALLESH BABU,KOLAR(SC),Di-Silting of Jinagalakunte pond.,2025-01-07,2025-05-07,499000.0,Work partially Completed,120.0,632458.820030225,-0.21101582554236026,0.49399039974980147,0.4065032031159126
161252.0,Normal/Others,KARNATAKA,Bengaluru South(DEPUTY COMMISSIONER RAMANAGARA_IDA),DR C N MANJUNATH,BANGALORE RURAL,"Construction of community centers and community halls, Arkavathi Angavikalara Kashemabhivruddhi Sanga, at Ward No. 25, Jalamangala Road, Manjunath Nagar, Ramanagara Town & District, Karnataka State.",2024-12-24,2025-04-16,200000.0,Work partially Completed,113.0,496171.5358913897,-0.5969135963418519,0.5198637499210003,0.42221609652796
161253.0,Normal/Others,KARNATAKA,Bengaluru South(DEPUTY COMMISSIONER RAMANAGARA_IDA),DR C N MANJUNATH,BANGALORE RURAL,"Construction of rooms and halls in school and colleges, Government Higher Primary School, I. Gollahalli, Kanakapura Taluk, Ramanagara District, Karnataka State.",2024-12-24,2025-04-16,200000.0,Physical Inspection,113.0,596767.0274311815,-0.6648608404842479,0.5198637499210003,0.42221609652796
161262.0,Normal/Others,KARNATAKA,Bengaluru South(DEPUTY COMMISSIONER RAMANAGARA_IDA),DR C N MANJUNATH,BANGALORE RURAL,"Construction of community centers and community halls, Sri Ranganatha Swamy Tigala Jananga Seva Samithi Charitable Trust, Bajane Mane Road, Hosapete, Magadi Town & Taluk Ramanagara District, Karnataka State.",2024-12-24,2025-03-14,500000.0,Physical Inspection,80.0,473646.4685714417,0.05563966624314289,0.5198637499210003,0.42221609652796
161443.0,Normal/Others,KARNATAKA,SHIVAMOGGA(DEPUTY COMMISSIONER SHIMOGA_IDA),Shri B Y Raghavendra,SHIMOGA,"Construction of Bus Stand at Adderi Village, Hirebilagunji GP",2024-12-26,2025-07-08,375000.0,Physical Inspection,194.0,312149.4675434371,0.20134755619218528,-0.3518953079802458,-0.10720344393174591
161444.0,Normal/Others,KARNATAKA,SHIVAMOGGA(DEPUTY COMMISSIONER SHIMOGA_IDA),Shri B Y Raghavendra,SHIMOGA,"Construction of Bus Stand at Hagalapura Village, Talaguppa Hobli",2024-12-26,2025-07-08,375000.0,Physical Inspection,194.0,890545.8248297998,-0.5789099341724839,-0.3518953079802458,-0.10720344393174591
161456.0,Normal/Others,KARNATAKA,SHIVAMOGGA(DEPUTY COMMISSIONER SHIMOGA_IDA),Shri B Y Raghavendra,SHIMOGA,Construction of Two Additional Rooms at PHC in Ward No.15,2024-12-26,2025-09-03,500000.0,Physical Inspection,251.0,672445.2822465434,-0.2564450770930066,-0.3518953079802458,-0.10720344393174591
161457.0,Normal/Others,KARNATAKA,SHIVAMOGGA(DEPUTY COMMISSIONER SHIMOGA_IDA),Shri B Y Raghavendra,SHIMOGA,Development of Road work from The land of Jagadish to Swapinamatti Gonibidu Village under Thavaragatta GP Bhadravathi Taluk,2024-12-26,2025-12-11,450000.0,Vendor Identification,350.0,287321.5569427915,0.5661894804837054,-0.3518953079802458,-0.10720344393174591
161458.0,Normal/Others,KARNATAKA,SHIVAMOGGA(DEPUTY COMMISSIONER SHIMOGA_IDA),Shri B Y Raghavendra,SHIMOGA,Construction of CC Road form Gowrapura Bridge to Gowrapura Main Road,2024-12-26,2026-04-18,300000.0,Vendor Identification,478.0,283368.63790189027,0.05869161182144635,-0.3518953079802458,-0.10720344393174591
161459.0,Normal/Others,KARNATAKA,SHIVAMOGGA(DEPUTY COMMISSIONER SHIMOGA_IDA),Shri B Y Raghavendra,SHIMOGA,Construction of CC Road and Deck Slab from Mylarappa House to Girijamma House (SC),2024-12-26,2026-04-18,300000.0,Vendor Identification,478.0,486505.16707314225,-0.3833570117973745,-0.3518953079802458,-0.10720344393174591
161460.0,Normal/Others,KARNATAKA,SHIVAMOGGA(DEPUTY COMMISSIONER SHIMOGA_IDA),Shri B Y Raghavendra,SHIMOGA,"Installation of Highmast Light in Near Karumariamma Temple, Vijaynagara, Komaranahalli Village",2024-12-26,2025-09-18,197320.0,Physical Inspection,266.0,515585.65086651174,-0.6172895819183933,-0.3518953079802458,-0.10720344393174591
161461.0,Normal/Others,KARNATAKA,SHIVAMOGGA(DEPUTY COMMISSIONER SHIMOGA_IDA),Shri B Y Raghavendra,SHIMOGA,Installation of Highmast Light in Lakshmipura Ward No.1 Opposit toSri Mahalakshmi Temple,2024-12-26,2025-09-18,199093.0,Physical Inspection,266.0,507106.9844864193,-0.6073944826422878,-0.3518953079802458,-0.10720344393174591
161463.0,Normal/Others,KARNATAKA,SHIVAMOGGA(DEPUTY COMMISSIONER SHIMOGA_IDA),Shri B Y Raghavendra,SHIMOGA,Installation of Highmast Light in Ward No.19 Near Shanimahatma Temple.,2024-12-26,2025-09-18,199225.0,Physical Inspection,266.0,553030.3442205471,-0.6397575610777886,-0.3518953079802458,-0.10720344393174591
161464.0,Normal/Others,KARNATAKA,SHIVAMOGGA(DEPUTY COMMISSIONER SHIMOGA_IDA),Shri B Y Raghavendra,SHIMOGA,Installation of Purified Drinking Water Unit in Thallikatte Village,2024-12-26,2026-01-23,300000.0,Vendor Identification,393.0,511530.9130536053,-0.41352518030799473,-0.3518953079802458,-0.10720344393174591
161465.0,Normal/Others,KARNATAKA,SHIVAMOGGA(DEPUTY COMMISSIONER SHIMOGA_IDA),Shri B Y Raghavendra,SHIMOGA,Installation of Highmast Light in  Padmenahalli Village (SC),2024-12-26,2025-09-18,198750.0,Physical Inspection,266.0,473319.71086834715,-0.5800935489557884,-0.3518953079802458,-0.10720344393174591
161466.0,Normal/Others,KARNATAKA,SHIVAMOGGA(DEPUTY COMMISSIONER SHIMOGA_IDA),Shri B Y Raghavendra,SHIMOGA,Installation of Highmast Light in  Near Rama Mandira in Masaralli Village.,2024-12-26,2025-12-23,200000.0,Vendor Identification,362.0,489781.63798756024,-0.5916547610445949,-0.3518953079802458,-0.10720344393174591
161467.0,Normal/Others,KARNATAKA,SHIVAMOGGA(DEPUTY COMMISSIONER SHIMOGA_IDA),Shri B Y Raghavendra,SHIMOGA,Installation of Highmast Light in Near Veerabhadrashwar Temple in Kagekodamagge Village,2024-12-26,2025-09-18,199218.0,Physical Inspection,266.0,508810.03413984715,-0.6084629102553338,-0.3518953079802458,-0.10720344393174591
161468.0,Normal/Others,KARNATAKA,SHIVAMOGGA(DEPUTY COMMISSIONER SHIMOGA_IDA),Shri B Y Raghavendra,SHIMOGA,Installation  of Highmast Light in Near Huchara Dasappa Temple in Karehalli Village,2024-12-26,2025-12-23,200000.0,Vendor Identification,362.0,510694.4655778597,-0.6083764100053513,-0.3518953079802458,-0.10720344393174591
161469.0,Normal/Others,KARNATAKA,SHIVAMOGGA(DEPUTY COMMISSIONER SHIMOGA_IDA),Shri B Y Raghavendra,SHIMOGA,Installation of Highmast Light in Ward No.31 Near 1st Cross (SC),2024-12-26,2025-09-18,199091.0,Physical Inspection,266.0,525213.2575464946,-0.62093302646235,-0.3518953079802458,-0.10720344393174591
161472.0,Normal/Others,KARNATAKA,Bengaluru South(DEPUTY COMMISSIONER RAMANAGARA_IDA),DR C N MANJUNATH,BANGALORE RURAL,"Construction of roads and drainage system at SC Colony, Kethohalli, Mayagarahalli Grama Panchayath, Ramanagara Taluk & District, Karnataka State.",2024-12-25,2025-04-16,150000.0,Physical Inspection,112.0,291048.5295890505,-0.48462203120629294,0.5198637499210003,0.42221609652796
161476.0,Normal/Others,KARNATAKA,Bengaluru South(DEPUTY COMMISSIONER RAMANAGARA_IDA),DR C N MANJUNATH,BANGALORE RURAL,"Construction of community centers and community halls at Vaderahalli, Harisandra Grama panchayath, Ramanagara Taluk & District, Karnataka State.",2024-12-25,2025-07-16,500000.0,Physical Inspection,203.0,509846.49387156434,-0.019312663693721057,0.5198637499210003,0.42221609652796
161478.0,Normal/Others,KARNATAKA,Bengaluru South(DEPUTY COMMISSIONER RAMANAGARA_IDA),DR C N MANJUNATH,BANGALORE RURAL,"Construction of community centers and community halls at Shivanahalli, Bannikuppe Grama Panchayath, Kailancha Hobli, Ramanagara Taluk & District, Karnataka State.",2024-12-25,2025-03-14,500000.0,Physical Inspection,79.0,365174.88493482134,0.3692069762389138,0.5198637499210003,0.42221609652796
161526.0,Normal/Others,KARNATAKA,BENGALURU URBAN(DEPUTY COMMISSIONER BANGALORE URBAN_IDA),SHOBHA KARANDLAJE,BANGALORE NORTH,"Construction of Class rooms in Government High School at Kengeri Upanagara, Ward No.159",2024-12-26,2025-04-07,500000.0,Sanction,102.0,998857.0054892118,-0.49942784877890084,0.08278774295599381,0.15677970483681702
161635.0,Normal/Others,KARNATAKA,SHIVAMOGGA(DEPUTY COMMISSIONER SHIMOGA_IDA),Shri B Y Raghavendra,SHIMOGA,Development of Road work from SK Maggi (Hosuru) to Maruthinagar Camp. SK Maggi GP,2024-12-26,2025-05-09,497362.0,Physical Inspection,134.0,260436.41578354998,0.9097252529130184,-0.3518953079802458,-0.10720344393174591
161636.0,Normal/Others,KARNATAKA,SHIVAMOGGA(DEPUTY COMMISSIONER SHIMOGA_IDA),Shri B Y Raghavendra,SHIMOGA,"Construction of Retaining Wall to Pit at Sy.No23 (Farm Land) of Smt.Rudramma W/o Mallarappa,",2024-12-26,2025-05-09,500000.0,Vendor Identification,134.0,350138.00231104007,0.4280083758398558,-0.3518953079802458,-0.10720344393174591
161637.0,Normal/Others,KARNATAKA,SHIVAMOGGA(DEPUTY COMMISSIONER SHIMOGA_IDA),Shri B Y Raghavendra,SHIMOGA,"Installation of Highmast Light near Sri Muddallara Maheshwarappa , Nimbegondi Village",2024-12-26,2026-01-23,200000.0,Vendor Identification,393.0,477310.511009471,-0.5809855526185311,-0.3518953079802458,-0.10720344393174591
161638.0,Normal/Others,KARNATAKA,SHIVAMOGGA(DEPUTY COMMISSIONER SHIMOGA_IDA),Shri B Y Raghavendra,SHIMOGA,"Installation of Highmast Light near Sri Chandanamariyamma Temple, Arebilachi Camp, Bhovi Colony (SC)",2024-12-26,2026-01-23,300000.0,Vendor Identification,393.0,514470.11274719314,-0.4168757473625726,-0.3518953079802458,-0.10720344393174591
161639.0,Normal/Others,KARNATAKA,SHIVAMOGGA(DEPUTY COMMISSIONER SHIMOGA_IDA),Shri B Y Raghavendra,SHIMOGA,"On going cunstruction work of Samudaya Bhavana Near Kshetranatha Sri Veerabhadraswamy Temple, Kumbar Streert",2024-12-26,2026-01-25,500000.0,Physical Inspection,395.0,534954.2702123574,-0.06534066958374185,-0.3518953079802458,-0.10720344393174591
161641.0,Normal/Others,KARNATAKA,SHIVAMOGGA(DEPUTY COMMISSIONER SHIMOGA_IDA),Shri B Y Raghavendra,SHIMOGA,"Installation of Highmast Light near Sri.Mathangamma Temple, A.K Colony at Thattehalli (SC)",2024-12-26,2026-01-23,200000.0,Vendor Identification,393.0,534968.0970845923,-0.6261459307761771,-0.3518953079802458,-0.10720344393174591
161642.0,Normal/Others,KARNATAKA,SHIVAMOGGA(DEPUTY COMMISSIONER SHIMOGA_IDA),Shri B Y Raghavendra,SHIMOGA,Construction of a box drain on the road from S.R. Chandrakumar's house to the land of Talawara Hanumanthappa in D.B. village,2024-12-26,2025-05-09,497237.0,Physical Inspection,134.0,479138.8710022491,0.03777219944583857,-0.3518953079802458,-0.10720344393174591
161716.0,Trust and Society,KARNATAKA,SHIVAMOGGA(DEPUTY COMMISSIONER SHIMOGA_IDA),Shri B Y Raghavendra,SHIMOGA,"Women's Multi-Purpose Co-operative Society, first floor building ongoing work, Ward no.9.",2024-12-26,2025-09-03,1000000.0,Physical Inspection,251.0,621471.6923225013,0.6090837480672705,-0.3518953079802458,-0.10720344393174591
161729.0,Normal/Others,KARNATAKA,SHIVAMOGGA(DEPUTY COMMISSIONER SHIMOGA_IDA),Shri B Y Raghavendra,SHIMOGA,Construction of Bus stand in Karinagulli village under M.Guddekoppa Gram Panchayat of Hosanagar taluk,2024-12-26,2025-07-09,375000.0,Physical Inspection,195.0,931204.7390138459,-0.597295863853605,-0.3518953079802458,-0.10720344393174591
161736.0,Normal/Others,KARNATAKA,SHIVAMOGGA(DEPUTY COMMISSIONER SHIMOGA_IDA),Shri B Y Raghavendra,SHIMOGA,Development of Hindu Rudrabhoomi in Kalluhalla village under M.Guddekoppa Gram Panchayat Hosanagar Taluk.,2024-12-26,2026-01-25,500000.0,Physical Inspection,395.0,474093.991595132,0.054643190726178396,-0.3518953079802458,-0.10720344393174591
161745.0,Normal/Others,KARNATAKA,SHIVAMOGGA(DEPUTY COMMISSIONER SHIMOGA_IDA),Shri B Y Raghavendra,SHIMOGA,Ongoing work of Shri Sewalal Banjar Youth Association Community Hall at Gonibidu Village,2024-12-26,2025-07-08,1000000.0,Physical Inspection,194.0,322433.13256405253,2.1014182446071863,-0.3518953079802458,-0.10720344393174591
161746.0,Normal/Others,KARNATAKA,SHIVAMOGGA(DEPUTY COMMISSIONER SHIMOGA_IDA),Shri B Y Raghavendra,SHIMOGA,Ongoing work of Bhagirath Uppara Public Community Hall at  Marashettihalli Village,2024-12-26,2025-09-03,1000000.0,Physical Inspection,251.0,496588.1049319719,1.0137413483494355,-0.3518953079802458,-0.10720344393174591
161747.0,Normal/Others,KARNATAKA,SHIVAMOGGA(DEPUTY COMMISSIONER SHIMOGA_IDA),Shri B Y Raghavendra,SHIMOGA,Installation of High Mast Street Light Opposite Ganapati Temple in Hadigallu village,2024-12-26,2025-08-26,193569.0,Physical Inspection,243.0,513777.1066880555,-0.6232432362590122,-0.3518953079802458,-0.10720344393174591
161748.0,Normal/Others,KARNATAKA,SHIVAMOGGA(DEPUTY COMMISSIONER SHIMOGA_IDA),Shri B Y Raghavendra,SHIMOGA,Installation of High mast light in the premises of Brihan Mathar of Konandur Village,2024-12-26,2025-08-26,192354.0,Physical Inspection,243.0,486822.67132960557,-0.6048787138966956,-0.3518953079802458,-0.10720344393174591
161749.0,Normal/Others,KARNATAKA,SHIVAMOGGA(DEPUTY COMMISSIONER SHIMOGA_IDA),Shri B Y Raghavendra,SHIMOGA,"Construction of Bus Stand Near Hosamane Circle, Channagonda Village",2024-12-26,2025-08-11,375000.0,Physical Inspection,228.0,281449.653572214,0.33238749893782676,-0.3518953079802458,-0.10720344393174591
161750.0,Normal/Others,KARNATAKA,SHIVAMOGGA(DEPUTY COMMISSIONER SHIMOGA_IDA),Shri B Y Raghavendra,SHIMOGA,Development of the connection road from Kondikereya Halla in Mallasamudra village (via Nirvanaswamy Temple) to Talagadde  village.,2024-12-26,2025-07-08,600000.0,Vendor Identification,194.0,512654.8856610965,0.1703780004481323,-0.3518953079802458,-0.10720344393174591
161751.0,Normal/Others,KARNATAKA,SHIVAMOGGA(DEPUTY COMMISSIONER SHIMOGA_IDA),Shri B Y Raghavendra,SHIMOGA,Purchase and provide 02 smart boards to Sanchiya Honnamma G.PU College in ward no.4 Bhadravati city . (All in One PC) (SC),2024-12-26,2025-11-17,279896.0,Physical Inspection,326.0,964594.6970487717,-0.7098304595117965,-0.3518953079802458,-0.10720344393174591
161752.0,Normal/Others,KARNATAKA,SHIVAMOGGA(DEPUTY COMMISSIONER SHIMOGA_IDA),Shri B Y Raghavendra,SHIMOGA,"Purchase and provide 01 smart board to Govt. PU College Kallikal, Bhadravathi Taluk  (All In One PC) (SC)",2024-12-26,2025-11-17,139948.0,Physical Inspection,326.0,958620.4999231802,-0.8540110502422859,-0.3518953079802458,-0.10720344393174591
161753.0,Normal/Others,KARNATAKA,SHIVAMOGGA(DEPUTY COMMISSIONER SHIMOGA_IDA),Shri B Y Raghavendra,SHIMOGA,"Purchase and provide 01 smart board to Govt High School, Tadagalale, Sagar Taluk  (All In One PC) (SC)",2024-12-26,2025-08-18,140000.0,Work Completed,235.0,1021117.0570927359,-0.8628952488575602,-0.3518953079802458,-0.10720344393174591
161754.0,Normal/Others,KARNATAKA,SHIVAMOGGA(DEPUTY COMMISSIONER SHIMOGA_IDA),Shri B Y Raghavendra,SHIMOGA,"Purchase and provide 01 smart board to Govt. Ind. PU. College, Sagar, Ward No.12  (All In One PC) (SC)",2024-12-26,2025-11-17,139948.0,Physical Inspection,326.0,1024027.6979593687,-0.8633357278529854,-0.3518953079802458,-0.10720344393174591
161755.0,Normal/Others,KARNATAKA,SHIVAMOGGA(DEPUTY COMMISSIONER SHIMOGA_IDA),Shri B Y Raghavendra,SHIMOGA,"Purchase and provide 02 Smart Board Govt. PU College TK Road, Ward No.17 Bhadravathi  (All In One PC)",2024-12-26,2025-11-17,279896.0,Physical Inspection,326.0,1027421.357725774,-0.7275742830385017,-0.3518953079802458,-0.10720344393174591
162265.0,Normal/Others,KARNATAKA,HAVERI(DEPUTY COMMISSIONER HAVERI_IDA),Pralhad Venkatesh Joshi,DHARWAD,Culture Bhavan Plinth work at Shiggaon TQ Panigatti Village near Shri Gramdevi Temple Pry No 115 & 116,2024-12-30,2024-12-30,495745.0,Physical Inspection,0.0,340186.93814702315,0.457272294757382,0.0,0.457272294757382
162267.0,Normal/Others,KARNATAKA,HAVERI(DEPUTY COMMISSIONER HAVERI_IDA),Pralhad Venkatesh Joshi,DHARWAD,Culture Bhavan Slab work at Shiggaon TQ Panigatti Village near Shri Gramdevi Temple Pry No 115 & 116,2024-12-30,2024-12-30,495662.0,Physical Inspection,0.0,344912.23919284384,0.4370670091613376,0.0,0.457272294757382
162269.0,Normal/Others,KARNATAKA,CHIKKABALLAPURA(DEPUTY COMMISSIONER CHICKKABALLAPUR_IDA),M. MALLESH BABU,KOLAR(SC),Construction of CC road from Bavi Narayanappa house to Nayaka Narayanappa house.,2025-01-07,2026-07-29,300000.0,Work partially Completed,568.0,272677.9681031013,0.10019889794164837,0.49399039974980147,0.4065032031159126
162272.0,Normal/Others,KARNATAKA,CHIKKABALLAPURA(DEPUTY COMMISSIONER CHICKKABALLAPUR_IDA),M. MALLESH BABU,KOLAR(SC),Construction of CC road from Bavi Srirama Temple to ST Narayanaswamy house.,2025-01-07,2026-01-22,400000.0,Work partially Completed,380.0,300961.8385177404,0.32907215735400186,0.49399039974980147,0.4065032031159126
162274.0,Normal/Others,KARNATAKA,CHIKKABALLAPURA(DEPUTY COMMISSIONER CHICKKABALLAPUR_IDA),M. MALLESH BABU,KOLAR(SC),Construction of CC road from T.Byanna house to Ramaswamy Temple.,2025-01-07,2026-04-21,300000.0,Work partially Completed,469.0,318665.038691644,-0.05857259637981557,0.49399039974980147,0.4065032031159126
162282.0,Repair and Renovation,KARNATAKA,CHIKKABALLAPURA(DEPUTY COMMISSIONER CHICKKABALLAPUR_IDA),M. MALLESH BABU,KOLAR(SC),Disilting of Chiddappanahalliu Lake,2025-01-07,2025-05-07,499000.0,Work partially Completed,120.0,601555.3114114946,-0.17048359388741485,0.49399039974980147,0.4065032031159126
162332.0,Trust and Society,KARNATAKA,SHIVAMOGGA(DEPUTY COMMISSIONER SHIMOGA_IDA),Shri B Y Raghavendra,SHIMOGA,Construction of Milk Co Op Society (Women) Building in Mulakoppa,2024-12-30,2025-11-03,900000.0,Vendor Identification,308.0,517024.5888817336,0.7407295887930581,-0.3518953079802458,-0.10720344393174591
162354.0,Normal/Others,KARNATAKA,Bengaluru South(DEPUTY COMMISSIONER RAMANAGARA_IDA),DR C N MANJUNATH,BANGALORE RURAL,"Construction of roads, link roads, pathways or any other road with or without drainage system at Channapatna Taluk, Thittamarana Halli Grama Panchayath, Kunthurdoddi (Mangalawarpet), Ramanagara District, Karnataka State.",2024-12-30,2025-03-27,500000.0,Physical Inspection,87.0,281115.6938793657,0.7786271307021495,0.5198637499210003,0.42221609652796
162359.0,Normal/Others,KARNATAKA,Bengaluru South(DEPUTY COMMISSIONER RAMANAGARA_IDA),DR C N MANJUNATH,BANGALORE RURAL,"Construction of roads, link roads, pathways or any other road with or without drainage system at Channapatana Taluk, Kudlur Grama Panchayath, Kudlur Village, Ramanagara District, Karnataka State.",2024-12-30,2025-03-27,500000.0,Physical Inspection,87.0,282480.5357477501,0.7700334597442523,0.5198637499210003,0.42221609652796
162377.0,Normal/Others,KARNATAKA,SHIVAMOGGA(DEPUTY COMMISSIONER SHIMOGA_IDA),Shri B Y Raghavendra,SHIMOGA,Purchase of Tricycle Vehicle to Smt.Sarojamma T.N W/o Nandappa Mydolalu Village,2024-12-30,2026-04-18,100000.0,Vendor Identification,474.0,349828.90409619367,-0.7141459758496609,-0.3518953079802458,-0.10720344393174591
162379.0,Normal/Others,KARNATAKA,SHIVAMOGGA(DEPUTY COMMISSIONER SHIMOGA_IDA),Shri B Y Raghavendra,SHIMOGA,Purchase of Tricycle Vehicle to Sri.Sridhar C.P S/o.Parameshwara C.S Chandravalli Village,2024-12-30,2026-01-22,150000.0,Vendor Identification,388.0,317851.21781562327,-0.5280810907982398,-0.3518953079802458,-0.10720344393174591
162380.0,Normal/Others,KARNATAKA,SHIVAMOGGA(DEPUTY COMMISSIONER SHIMOGA_IDA),Shri B Y Raghavendra,SHIMOGA,Purchase of Tricycle Vehicle to Sri.Veerappa So Late.Ningappa,2024-12-30,2026-04-18,100000.0,Vendor Identification,474.0,322736.2910752325,-0.6901495035874686,-0.3518953079802458,-0.10720344393174591
162381.0,Normal/Others,KARNATAKA,SHIVAMOGGA(DEPUTY COMMISSIONER SHIMOGA_IDA),Shri B Y Raghavendra,SHIMOGA,"Purchase of Tricycle Vehicle to Smt.Netravathi W/o.Ramesh, Badanehal Village",2024-12-30,2026-04-18,100000.0,Vendor Identification,474.0,292420.25636407355,-0.6580264266115119,-0.3518953079802458,-0.10720344393174591
162382.0,Normal/Others,KARNATAKA,SHIVAMOGGA(DEPUTY COMMISSIONER SHIMOGA_IDA),Shri B Y Raghavendra,SHIMOGA,"Purchase of Tricycle Vehicle to Sri.Kumar C S/o. Chandrappa, Mattikote, Shikaripura",2024-12-30,2026-04-18,100000.0,Vendor Identification,474.0,287519.82406832,-0.6521978951397863,-0.3518953079802458,-0.10720344393174591
162383.0,Normal/Others,KARNATAKA,SHIVAMOGGA(DEPUTY COMMISSIONER SHIMOGA_IDA),Shri B Y Raghavendra,SHIMOGA,"Purchase of Tricycle Vehicle to Sri.Syed NoorullaAmin S/o Syed Dasrthgir, 2nd Cross, Siddeshwaranagara, Chikkal",2024-12-30,2026-04-18,100000.0,Vendor Identification,474.0,294463.81793603563,-0.6603997030911203,-0.3518953079802458,-0.10720344393174591
162468.0,Normal/Others,KARNATAKA,SHIVAMOGGA(DEPUTY COMMISSIONER SHIMOGA_IDA),Shri B Y Raghavendra,SHIMOGA,"Purchase of Tricycle Vehicle to Sri Basavaraja Ummannavar S/O Sahadevappa, Kanuru Ashreya Badavane, shikaripura Town Shikaripura",2024-12-30,2026-04-18,100000.0,Work partially Completed,474.0,282263.4484022561,-0.6457210433513548,-0.3518953079802458,-0.10720344393174591
162469.0,Normal/Others,KARNATAKA,SHIVAMOGGA(DEPUTY COMMISSIONER SHIMOGA_IDA),Shri B Y Raghavendra,SHIMOGA,"Purchase of Tricycle Vehicle to Sri Satisha S S/O Shivamurthaiah, 12th Cross, Vinayakanagara, Shikaripura Town",2024-12-30,2026-04-18,100000.0,Vendor Identification,474.0,277997.23853819154,-0.6402841966134786,-0.3518953079802458,-0.10720344393174591
162603.0,Normal/Others,KARNATAKA,UDUPI(DEPUTY COMMISSIONER UDUPI_IDA),KOTA SRINIVAS POOJARY,UDUPI CHIKMAGALUR,"Udupi District, Udupi Taluk, Kodavur, 4th Ward, Road development near M Suresh's house.",2024-12-31,2025-04-28,350000.0,Physical Inspection,118.0,529873.64734312,-0.33946516918710373,-0.10206747347270242,0.0445170757924209
162769.0,Normal/Others,KARNATAKA,TUMAKURU(DEPUTY COMMISSIONER TUMKUR_IDA),DR C N MANJUNATH,BANGALORE RURAL,"Construction of roads, link roads, pathways or any other road with or without drainage system at Near people Tree of Chottanahalli, Belidevaalaya Grama Panchayath, Kunigal Taluk, Tumkur District, Karnataka State.",2024-12-31,2025-10-09,490000.0,Physical Inspection,282.0,296083.8334829578,0.6549366922061409,0.0,0.4761495006211198
162792.0,Normal/Others,KARNATAKA,TUMAKURU(DEPUTY COMMISSIONER TUMKUR_IDA),DR C N MANJUNATH,BANGALORE RURAL,"Construction platform and Development of Vipra's Crematorium at Ward -13,   Kunigal Town, Tumkur District, Karnataka State.",2024-12-31,2025-05-05,490000.0,Work Completed,125.0,368478.24552986084,0.3297935656836253,0.0,0.4761495006211198
